Household_ID,Month,Income,Expense,Festival,Travel_Days,Emergency,Family_Size,Dependents,EMI_Loan,Savings_Rate,Inflation,City_Tier,Household_Type_Code
HH001,Jan-2021,32883,39398,1,2,0,1,0,4417,17.8,4.99,3,1
HH001,Feb-2021,35949,19334,0,0,0,1,0,4586,16.6,4.79,3,1
HH001,Mar-2021,35460,17454,0,2,0,1,0,6397,21.2,4.84,3,1
HH001,Apr-2021,36744,20136,0,3,0,1,0,2725,20.0,4.73,3,1
HH001,May-2021,40215,28208,0,3,0,1,0,3597,15.6,5.02,3,1
HH001,Jun-2021,37494,27515,0,2,1,1,0,5741,20.7,4.81,3,1
HH001,Jul-2021,36972,31550,0,1,0,1,0,5550,14.3,4.88,3,1
HH001,Aug-2021,37803,24114,1,2,0,1,0,2544,17.1,4.82,3,1
HH001,Sep-2021,37638,33575,0,1,0,1,0,6346,15.4,5.13,3,1
HH001,Oct-2021,39687,30514,1,3,0,1,0,5317,20.0,4.83,3,1
HH001,Nov-2021,37089,26867,1,4,0,1,0,5087,23.4,4.86,3,1
HH001,Dec-2021,40859,32692,1,2,0,1,0,6411,17.8,5.24,3,1
HH001,Jan-2022,38510,37372,1,2,0,1,0,8043,18.0,5.25,3,1
HH001,Feb-2022,39783,28881,0,0,0,1,0,3776,21.5,5.11,3,1
HH001,Mar-2022,41001,27086,0,1,0,1,0,6532,20.0,5.27,3,1
HH001,Apr-2022,39836,42205,0,2,0,1,0,6066,19.7,5.25,3,1
HH001,May-2022,43065,37703,0,1,0,1,0,7784,17.9,5.23,3,1
HH001,Jun-2022,41071,29975,0,1,0,1,0,5874,19.2,5.29,3,1
HH001,Jul-2022,44635,36594,0,3,0,1,0,6064,20.5,5.38,3,1
HH001,Aug-2022,46705,56481,1,1,0,1,0,4818,18.4,5.46,3,1
HH001,Sep-2022,41047,28350,0,1,0,1,0,5143,18.8,5.46,3,1
HH001,Oct-2022,44215,43534,1,2,0,1,0,6380,23.1,5.3,3,1
HH001,Nov-2022,44016,43091,1,3,0,1,0,6096,19.3,5.17,3,1
HH001,Dec-2022,43809,30372,1,2,0,1,0,5181,19.4,5.53,3,1
HH001,Jan-2023,40649,30555,1,1,0,1,0,5018,18.3,5.48,3,1
HH001,Feb-2023,46309,31449,0,2,0,1,0,7054,17.1,5.49,3,1
HH001,Mar-2023,45366,32962,0,0,0,1,0,5880,18.9,5.59,3,1
HH001,Apr-2023,45635,45050,0,3,0,1,0,6274,15.5,5.5,3,1
HH001,May-2023,45487,30805,0,0,0,1,0,5031,17.8,5.44,3,1
HH001,Jun-2023,45927,62090,0,2,0,1,0,6268,20.5,5.66,3,1
HH001,Jul-2023,46964,39772,0,2,0,1,0,4201,18.5,5.36,3,1
HH001,Aug-2023,44411,41447,1,2,0,1,0,6342,15.6,5.49,3,1
HH001,Sep-2023,47306,39837,0,3,0,1,0,5959,18.0,5.65,3,1
HH001,Oct-2023,47365,39637,1,3,0,1,0,7121,20.3,5.99,3,1
HH001,Nov-2023,44552,34725,1,1,0,1,0,5525,18.0,5.56,3,1
HH001,Dec-2023,50140,34922,1,1,0,1,0,7553,19.4,5.71,3,1
HH001,Jan-2024,48426,39166,1,2,0,1,0,6975,17.5,5.63,3,1
HH001,Feb-2024,50492,25833,0,1,0,1,0,6415,22.0,5.63,3,1
HH001,Mar-2024,50899,36487,0,1,0,1,0,6546,14.5,5.58,3,1
HH001,Apr-2024,50318,34127,0,1,0,1,0,5220,21.4,5.85,3,1
HH001,May-2024,51571,42490,0,3,0,1,0,8261,18.0,5.76,3,1
HH001,Jun-2024,50405,41409,0,1,0,1,0,7004,19.1,5.79,3,1
HH001,Jul-2024,53330,40094,0,1,1,1,0,7317,21.9,5.89,3,1
HH001,Aug-2024,52632,48460,1,2,0,1,0,7288,16.7,5.55,3,1
HH001,Sep-2024,53299,37618,0,1,0,1,0,7090,18.0,5.93,3,1
HH001,Oct-2024,52281,45049,1,2,0,1,0,8239,19.1,6.06,3,1
HH001,Nov-2024,50884,35877,1,1,0,1,0,5664,19.9,5.77,3,1
HH001,Dec-2024,53845,40945,1,2,0,1,0,7907,18.8,6.05,3,1
HH001,Jan-2025,52190,45899,1,1,0,1,0,6068,16.3,5.9,3,1
HH001,Feb-2025,53986,37599,0,1,0,1,0,7720,15.8,5.72,3,1
HH001,Mar-2025,57421,48078,0,3,0,1,0,6623,17.3,6.08,3,1
HH001,Apr-2025,55526,40360,0,0,0,1,0,6017,18.7,6.22,3,1
HH001,May-2025,57198,41887,0,1,0,1,0,6445,17.4,6.13,3,1
HH001,Jun-2025,55822,39159,0,2,0,1,0,6795,14.2,6.18,3,1
HH001,Jul-2025,57304,47253,0,2,0,1,0,9353,18.5,6.35,3,1
HH001,Aug-2025,56807,37006,1,1,0,1,0,8193,18.8,6.11,3,1
HH001,Sep-2025,58623,56768,0,2,0,1,0,5677,12.9,5.82,3,1
HH001,Oct-2025,59164,44597,1,1,0,1,0,8348,18.1,6.1,3,1
HH001,Nov-2025,59854,50015,1,2,0,1,0,7262,17.7,6.11,3,1
HH001,Dec-2025,56087,46600,1,1,0,1,0,7194,15.3,6.33,3,1
HH002,Jan-2021,49528,40045,1,3,0,2,0,7550,16.9,4.95,2,1
HH002,Feb-2021,53342,29720,0,2,0,2,0,5295,19.0,4.72,2,1
HH002,Mar-2021,48152,30995,0,0,0,2,0,4162,18.3,4.91,2,1
HH002,Apr-2021,51183,30497,0,0,0,2,0,6174,19.0,4.62,2,1
HH002,May-2021,52449,32775,0,0,0,2,0,6492,17.8,4.82,2,1
HH002,Jun-2021,58230,36695,0,0,0,2,0,6106,23.6,5.08,2,1
HH002,Jul-2021,53864,32128,0,1,0,2,0,5802,22.2,5.1,2,1
HH002,Aug-2021,54481,30516,1,2,0,2,0,7765,20.6,5.09,2,1
HH002,Sep-2021,54651,30290,0,3,0,2,0,7593,18.5,5.19,2,1
HH002,Oct-2021,56375,45408,1,4,0,2,0,6958,14.6,5.27,2,1
HH002,Nov-2021,57944,39649,1,1,0,2,0,7118,22.3,5.04,2,1
HH002,Dec-2021,58897,41891,1,2,0,2,0,10992,21.3,5.16,2,1
HH002,Jan-2022,60899,35675,1,2,0,2,0,9079,20.1,4.82,2,1
HH002,Feb-2022,61561,33906,0,1,0,2,0,6561,21.1,5.21,2,1
HH002,Mar-2022,62038,27878,0,3,0,2,0,9153,18.3,5.19,2,1
HH002,Apr-2022,62850,36624,0,2,0,2,0,8212,17.9,5.07,2,1
HH002,May-2022,63762,41563,0,0,0,2,0,8239,19.0,5.16,2,1
HH002,Jun-2022,63155,45209,0,0,0,2,0,6480,18.6,5.3,2,1
HH002,Jul-2022,64152,43658,0,0,0,2,0,9870,21.9,5.57,2,1
HH002,Aug-2022,65494,46100,1,3,0,2,0,7739,20.1,5.51,2,1
HH002,Sep-2022,67397,53066,0,0,0,2,0,9940,18.9,5.28,2,1
HH002,Oct-2022,66317,43128,1,1,0,2,0,7764,21.8,5.28,2,1
HH002,Nov-2022,67936,29135,1,2,0,2,0,7908,20.1,5.52,2,1
HH002,Dec-2022,68422,53301,1,3,0,2,0,6005,21.3,5.45,2,1
HH002,Jan-2023,66085,41876,1,3,0,2,0,8029,21.1,5.15,2,1
HH002,Feb-2023,69186,34932,0,1,0,2,0,8251,18.5,5.46,2,1
HH002,Mar-2023,69263,43984,0,2,0,2,0,10151,19.1,5.45,2,1
HH002,Apr-2023,69437,31405,0,2,0,2,0,7036,15.9,5.54,2,1
HH002,May-2023,68512,42019,0,0,0,2,0,9934,15.3,5.25,2,1
HH002,Jun-2023,72230,54484,0,1,1,2,0,8764,17.1,5.58,2,1
HH002,Jul-2023,70478,34729,0,1,0,2,0,8989,22.6,5.67,2,1
HH002,Aug-2023,75007,47686,1,2,0,2,0,10561,20.0,6.09,2,1
HH002,Sep-2023,73176,49322,0,0,0,2,0,8742,19.7,5.74,2,1
HH002,Oct-2023,76199,53097,1,1,0,2,0,9855,23.6,5.7,2,1
HH002,Nov-2023,77166,55031,1,2,0,2,0,10620,17.4,5.58,2,1
HH002,Dec-2023,77694,56390,1,3,0,2,0,9722,20.9,5.67,2,1
HH002,Jan-2024,78029,56662,1,2,0,2,0,12090,18.4,5.59,2,1
HH002,Feb-2024,80403,39547,0,0,0,2,0,12991,20.2,5.55,2,1
HH002,Mar-2024,79529,48825,0,1,0,2,0,8914,19.1,5.76,2,1
HH002,Apr-2024,80429,54431,0,3,0,2,0,10326,15.9,5.49,2,1
HH002,May-2024,78507,43696,0,1,0,2,0,11169,19.4,5.54,2,1
HH002,Jun-2024,80012,49506,0,1,0,2,0,9083,17.8,5.67,2,1
HH002,Jul-2024,82945,61478,0,1,0,2,0,11021,21.9,5.88,2,1
HH002,Aug-2024,84370,65270,1,2,1,2,0,10786,21.5,5.63,2,1
HH002,Sep-2024,87702,52699,0,2,0,2,0,9730,19.9,6.0,2,1
HH002,Oct-2024,85111,56967,1,2,1,2,0,10749,20.5,5.85,2,1
HH002,Nov-2024,87972,62353,1,2,0,2,0,12224,21.3,5.83,2,1
HH002,Dec-2024,89201,60372,1,2,0,2,0,9806,21.7,5.6,2,1
HH002,Jan-2025,86471,50785,1,1,0,2,0,12906,21.6,6.11,2,1
HH002,Feb-2025,87180,56681,0,4,0,2,0,10322,21.8,6.01,2,1
HH002,Mar-2025,86454,65883,0,3,0,2,0,12696,14.3,5.99,2,1
HH002,Apr-2025,88629,51054,0,1,0,2,0,14108,18.4,5.98,2,1
HH002,May-2025,89989,63540,0,2,0,2,0,12100,18.5,5.95,2,1
HH002,Jun-2025,89734,50316,0,0,0,2,0,9789,21.9,6.08,2,1
HH002,Jul-2025,92228,61192,0,1,0,2,0,14066,17.4,6.04,2,1
HH002,Aug-2025,94084,67240,1,2,0,2,0,11568,20.0,6.42,2,1
HH002,Sep-2025,93754,61850,0,2,1,2,0,10222,16.2,6.13,2,1
HH002,Oct-2025,94844,56985,1,1,0,2,0,12670,25.5,6.25,2,1
HH002,Nov-2025,93252,55250,1,1,0,2,0,10798,25.4,6.2,2,1
HH002,Dec-2025,98035,64842,1,2,0,2,0,12370,18.6,6.18,2,1
HH003,Jan-2021,64493,36904,1,3,0,2,1,3980,23.0,4.69,2,1
HH003,Feb-2021,71380,46221,0,2,0,2,1,7540,23.5,4.93,2,1
HH003,Mar-2021,61403,36244,0,0,0,2,1,7457,16.3,5.11,2,1
HH003,Apr-2021,65715,30792,0,1,0,2,1,4196,22.2,4.77,2,1
HH003,May-2021,60090,28846,0,1,0,2,1,4162,27.3,4.85,2,1
HH003,Jun-2021,65977,37083,0,0,0,2,1,6635,22.4,4.77,2,1
HH003,Jul-2021,64882,32105,0,2,0,2,1,2708,19.8,4.95,2,1
HH003,Aug-2021,65848,50418,1,2,0,2,1,5724,21.8,5.15,2,1
HH003,Sep-2021,68050,36588,0,1,0,2,1,7905,23.8,5.04,2,1
HH003,Oct-2021,70082,35477,1,4,0,2,1,4310,21.6,5.26,2,1
HH003,Nov-2021,72102,37880,1,1,0,2,1,5777,22.0,5.02,2,1
HH003,Dec-2021,70775,34058,1,4,0,2,1,6741,21.8,4.98,2,1
HH003,Jan-2022,71423,40133,1,1,0,2,1,6925,22.3,5.11,2,1
HH003,Feb-2022,74810,37734,0,0,0,2,1,6169,22.3,4.98,2,1
HH003,Mar-2022,74216,23228,0,0,0,2,1,6574,23.2,5.36,2,1
HH003,Apr-2022,76511,46367,0,1,0,2,1,7078,20.4,5.0,2,1
HH003,May-2022,74305,28653,0,1,0,2,1,6740,20.5,5.24,2,1
HH003,Jun-2022,80649,30989,0,0,0,2,1,7815,20.5,5.26,2,1
HH003,Jul-2022,73351,30879,0,1,0,2,1,7285,20.9,5.21,2,1
HH003,Aug-2022,78429,38775,1,1,0,2,1,5838,18.2,5.44,2,1
HH003,Sep-2022,75858,39476,0,0,0,2,1,7022,20.2,5.47,2,1
HH003,Oct-2022,73617,39401,1,4,0,2,1,6695,21.7,5.43,2,1
HH003,Nov-2022,80650,46911,1,1,0,2,1,6844,23.5,5.47,2,1
HH003,Dec-2022,75803,42250,1,1,0,2,1,8026,23.3,5.04,2,1
HH003,Jan-2023,80844,45073,1,5,0,2,1,6512,19.6,5.28,2,1
HH003,Feb-2023,76374,40486,0,2,0,2,1,7510,25.4,5.52,2,1
HH003,Mar-2023,80453,52776,0,2,0,2,1,7986,22.9,5.34,2,1
HH003,Apr-2023,84036,37591,0,1,0,2,1,8256,22.2,5.37,2,1
HH003,May-2023,77926,44340,0,2,0,2,1,6659,21.7,5.51,2,1
HH003,Jun-2023,80621,30239,0,0,0,2,1,5865,20.0,5.69,2,1
HH003,Jul-2023,85240,38196,0,1,0,2,1,6488,21.7,5.47,2,1
HH003,Aug-2023,79695,48325,1,2,0,2,1,7324,23.6,5.65,2,1
HH003,Sep-2023,83828,53174,0,1,1,2,1,7226,18.1,5.35,2,1
HH003,Oct-2023,83636,48299,1,1,0,2,1,7800,21.2,5.54,2,1
HH003,Nov-2023,82792,46760,1,3,0,2,1,6949,22.5,5.6,2,1
HH003,Dec-2023,87196,64390,1,1,0,2,1,9966,19.1,5.43,2,1
HH003,Jan-2024,90535,52534,1,3,0,2,1,6093,21.7,5.52,2,1
HH003,Feb-2024,87779,50874,0,1,0,2,1,6691,20.9,5.88,2,1
HH003,Mar-2024,85305,38868,0,0,0,2,1,8966,24.1,5.76,2,1
HH003,Apr-2024,86986,38060,0,2,0,2,1,8440,23.5,5.39,2,1
HH003,May-2024,89053,51719,0,1,0,2,1,8280,21.8,5.65,2,1
HH003,Jun-2024,93184,50554,0,1,0,2,1,5877,17.8,5.58,2,1
HH003,Jul-2024,92742,63270,0,0,0,2,1,6806,22.3,5.7,2,1
HH003,Aug-2024,90635,56475,1,2,0,2,1,9384,21.5,5.85,2,1
HH003,Sep-2024,93559,43254,0,0,0,2,1,9111,17.0,6.07,2,1
HH003,Oct-2024,94171,57872,1,2,1,2,1,10703,22.4,5.72,2,1
HH003,Nov-2024,91943,67943,1,1,0,2,1,9180,19.8,6.13,2,1
HH003,Dec-2024,93741,69299,1,1,0,2,1,9545,19.8,5.92,2,1
HH003,Jan-2025,90113,57014,1,2,1,2,1,7695,18.0,6.2,2,1
HH003,Feb-2025,91036,56986,0,1,0,2,1,6404,22.4,5.92,2,1
HH003,Mar-2025,92089,48262,0,4,0,2,1,7837,18.6,6.11,2,1
HH003,Apr-2025,93601,52291,0,1,0,2,1,8734,25.6,6.26,2,1
HH003,May-2025,97362,57052,0,2,0,2,1,7857,19.4,6.2,2,1
HH003,Jun-2025,93137,56983,0,1,0,2,1,8734,23.2,6.14,2,1
HH003,Jul-2025,97885,51018,0,4,0,2,1,8343,23.0,6.03,2,1
HH003,Aug-2025,97846,57937,1,6,0,2,1,8600,21.9,6.32,2,1
HH003,Sep-2025,96938,55266,0,2,0,2,1,8956,20.1,6.06,2,1
HH003,Oct-2025,93420,52957,1,3,0,2,1,7769,25.2,6.47,2,1
HH003,Nov-2025,99657,71373,1,1,0,2,1,11533,25.6,6.16,2,1
HH003,Dec-2025,100282,81190,1,2,0,2,1,9832,21.1,6.13,2,1
HH004,Jan-2021,76643,22082,1,1,0,1,0,8108,22.9,4.59,1,1
HH004,Feb-2021,71093,29988,0,0,0,1,0,7840,19.1,4.72,1,1
HH004,Mar-2021,72288,32623,0,2,0,1,0,6169,19.6,4.72,1,1
HH004,Apr-2021,71929,22612,0,1,0,1,0,6734,18.1,4.94,1,1
HH004,May-2021,76981,22912,0,1,0,1,0,8167,17.7,4.97,1,1
HH004,Jun-2021,78451,23544,0,2,0,1,0,6104,18.8,5.17,1,1
HH004,Jul-2021,75651,41884,0,1,0,1,0,7350,19.5,4.95,1,1
HH004,Aug-2021,77648,37268,1,2,1,1,0,9253,12.9,5.03,1,1
HH004,Sep-2021,83855,37070,0,3,0,1,0,6815,22.1,5.07,1,1
HH004,Oct-2021,82947,53010,1,2,1,1,0,8164,22.0,4.95,1,1
HH004,Nov-2021,86511,49298,1,3,0,1,0,10044,19.1,4.94,1,1
HH004,Dec-2021,86542,37040,1,2,0,1,0,5483,19.6,4.89,1,1
HH004,Jan-2022,80711,40514,1,3,0,1,0,7747,21.4,4.88,1,1
HH004,Feb-2022,87510,43662,0,0,0,1,0,8131,18.6,5.06,1,1
HH004,Mar-2022,89255,44359,0,2,0,1,0,10676,15.8,5.12,1,1
HH004,Apr-2022,90563,58425,0,2,0,1,0,11190,21.0,5.54,1,1
HH004,May-2022,96039,32555,0,0,0,1,0,10298,17.1,5.05,1,1
HH004,Jun-2022,90076,37710,0,0,0,1,0,8342,18.5,5.23,1,1
HH004,Jul-2022,87783,32403,0,3,0,1,0,9319,21.2,5.4,1,1
HH004,Aug-2022,87289,32147,1,2,0,1,0,6766,17.5,5.37,1,1
HH004,Sep-2022,87870,31291,0,1,0,1,0,7760,22.7,5.42,1,1
HH004,Oct-2022,94581,43352,1,2,0,1,0,9443,15.6,5.39,1,1
HH004,Nov-2022,92207,38029,1,1,0,1,0,9795,19.6,5.5,1,1
HH004,Dec-2022,92396,53270,1,6,0,1,0,8557,20.8,5.48,1,1
HH004,Jan-2023,95645,34154,1,4,0,1,0,8817,18.0,5.35,1,1
HH004,Feb-2023,92295,38814,0,0,0,1,0,8884,20.8,5.32,1,1
HH004,Mar-2023,93144,30874,0,2,0,1,0,10183,21.0,5.54,1,1
HH004,Apr-2023,96304,49205,0,1,0,1,0,11238,22.2,5.67,1,1
HH004,May-2023,101108,55116,0,3,0,1,0,8946,21.1,5.59,1,1
HH004,Jun-2023,97035,41333,0,0,0,1,0,10883,20.7,5.53,1,1
HH004,Jul-2023,99986,48325,0,2,0,1,0,10712,22.5,5.72,1,1
HH004,Aug-2023,98694,45490,1,3,0,1,0,10894,20.0,5.67,1,1
HH004,Sep-2023,101719,48260,0,0,0,1,0,10813,15.1,5.55,1,1
HH004,Oct-2023,103437,52091,1,3,0,1,0,9715,15.8,5.44,1,1
HH004,Nov-2023,105322,50237,1,3,0,1,0,12126,20.0,5.53,1,1
HH004,Dec-2023,100726,55427,1,5,1,1,0,9183,18.9,5.82,1,1
HH004,Jan-2024,103197,61652,1,2,0,1,0,11508,24.2,5.58,1,1
HH004,Feb-2024,103325,50406,0,0,0,1,0,10338,17.1,5.75,1,1
HH004,Mar-2024,110468,41997,0,0,0,1,0,11718,22.9,5.54,1,1
HH004,Apr-2024,107025,46275,0,2,0,1,0,9922,21.3,5.86,1,1
HH004,May-2024,102627,48205,0,1,0,1,0,12239,18.7,5.86,1,1
HH004,Jun-2024,113050,51384,0,0,0,1,0,11281,16.9,5.79,1,1
HH004,Jul-2024,111108,53136,0,0,0,1,0,11744,18.0,5.75,1,1
HH004,Aug-2024,107576,50616,1,3,0,1,0,11005,17.7,5.91,1,1
HH004,Sep-2024,115687,63775,0,2,0,1,0,12971,18.5,5.9,1,1
HH004,Oct-2024,116036,53277,1,1,0,1,0,11399,19.9,5.77,1,1
HH004,Nov-2024,112597,53218,1,1,0,1,0,12169,19.1,5.99,1,1
HH004,Dec-2024,112876,52645,1,1,0,1,0,10316,22.9,6.04,1,1
HH004,Jan-2025,113173,75547,1,3,0,1,0,11016,19.4,5.84,1,1
HH004,Feb-2025,114065,55531,0,1,0,1,0,10856,19.4,6.01,1,1
HH004,Mar-2025,113395,52666,0,2,0,1,0,9824,18.0,6.32,1,1
HH004,Apr-2025,116644,59192,0,1,0,1,0,12155,17.6,5.98,1,1
HH004,May-2025,123305,52929,0,0,0,1,0,12531,19.3,5.83,1,1
HH004,Jun-2025,123011,59571,0,1,0,1,0,12449,21.0,5.92,1,1
HH004,Jul-2025,120325,53294,0,3,0,1,0,12924,18.0,5.98,1,1
HH004,Aug-2025,118695,68437,1,5,0,1,0,10105,18.6,6.13,1,1
HH004,Sep-2025,121162,55131,0,4,0,1,0,12631,21.0,6.09,1,1
HH004,Oct-2025,122436,66453,1,1,0,1,0,13039,17.4,6.05,1,1
HH004,Nov-2025,124886,69052,1,2,0,1,0,12026,16.1,6.2,1,1
HH004,Dec-2025,122380,63355,1,2,0,1,0,13498,14.7,6.31,1,1
HH005,Jan-2021,86855,40964,1,2,0,2,1,9699,20.8,4.78,1,1
HH005,Feb-2021,86482,48872,0,2,0,2,1,12720,18.2,4.91,1,1
HH005,Mar-2021,91174,43966,0,1,0,2,1,10703,16.3,5.0,1,1
HH005,Apr-2021,91923,50099,0,3,0,2,1,11575,20.0,4.87,1,1
HH005,May-2021,86237,37810,0,2,0,2,1,8980,24.6,4.86,1,1
HH005,Jun-2021,93083,55606,0,2,1,2,1,12889,21.4,4.68,1,1
HH005,Jul-2021,88560,41791,0,1,0,2,1,9658,20.3,5.1,1,1
HH005,Aug-2021,88865,44967,1,2,0,2,1,11872,18.5,4.76,1,1
HH005,Sep-2021,91821,50820,0,1,0,2,1,12537,23.7,4.96,1,1
HH005,Oct-2021,90701,54702,1,3,0,2,1,10420,18.9,5.09,1,1
HH005,Nov-2021,98620,55585,1,1,0,2,1,11335,23.2,5.05,1,1
HH005,Dec-2021,92233,55075,1,2,0,2,1,10778,15.7,4.98,1,1
HH005,Jan-2022,91478,61959,1,2,0,2,1,10601,19.7,5.03,1,1
HH005,Feb-2022,92179,42253,0,2,0,2,1,10251,22.1,4.8,1,1
HH005,Mar-2022,93863,52518,0,1,0,2,1,13788,21.2,4.84,1,1
HH005,Apr-2022,92390,54276,0,1,0,2,1,10963,17.2,4.93,1,1
HH005,May-2022,98919,55657,0,0,0,2,1,11429,17.1,4.99,1,1
HH005,Jun-2022,92288,55593,0,1,0,2,1,10854,21.3,5.48,1,1
HH005,Jul-2022,94493,51124,0,2,0,2,1,12818,18.6,5.41,1,1
HH005,Aug-2022,91318,52431,1,1,0,2,1,9873,19.4,5.26,1,1
HH005,Sep-2022,96263,43461,0,2,0,2,1,10536,18.7,5.04,1,1
HH005,Oct-2022,88240,47713,1,2,0,2,1,10518,24.9,5.42,1,1
HH005,Nov-2022,97875,52371,1,2,0,2,1,11407,21.2,5.44,1,1
HH005,Dec-2022,99057,60813,1,1,0,2,1,11020,18.0,5.25,1,1
HH005,Jan-2023,97209,46250,1,4,0,2,1,11463,18.6,5.66,1,1
HH005,Feb-2023,97283,47465,0,0,0,2,1,12550,24.8,5.54,1,1
HH005,Mar-2023,93638,51688,0,0,0,2,1,12183,19.0,5.43,1,1
HH005,Apr-2023,97778,54968,0,2,0,2,1,14445,20.0,5.29,1,1
HH005,May-2023,93435,52549,0,1,0,2,1,11701,17.7,5.44,1,1
HH005,Jun-2023,97603,45631,0,0,0,2,1,9501,19.6,5.63,1,1
HH005,Jul-2023,101142,64713,0,0,0,2,1,13317,20.4,5.71,1,1
HH005,Aug-2023,97498,57700,1,3,0,2,1,9801,19.2,5.63,1,1
HH005,Sep-2023,96914,51539,0,0,0,2,1,11812,20.3,5.65,1,1
HH005,Oct-2023,99417,56304,1,1,0,2,1,11631,23.4,5.76,1,1
HH005,Nov-2023,103967,57033,1,1,0,2,1,12454,20.3,5.77,1,1
HH005,Dec-2023,106104,63653,1,2,0,2,1,13067,20.7,5.46,1,1
HH005,Jan-2024,99138,64161,1,2,0,2,1,11944,22.5,5.75,1,1
HH005,Feb-2024,105368,51791,0,2,0,2,1,9827,18.7,5.95,1,1
HH005,Mar-2024,104502,55693,0,3,0,2,1,10655,20.6,5.91,1,1
HH005,Apr-2024,111331,66076,0,1,0,2,1,14363,23.8,5.95,1,1
HH005,May-2024,107746,60795,0,0,0,2,1,13450,20.7,5.59,1,1
HH005,Jun-2024,106593,68106,0,2,0,2,1,13363,13.5,6.22,1,1
HH005,Jul-2024,106131,51061,0,1,0,2,1,12283,23.9,5.97,1,1
HH005,Aug-2024,107176,78364,1,3,0,2,1,11362,15.0,5.97,1,1
HH005,Sep-2024,107194,59071,0,2,0,2,1,14080,16.4,5.93,1,1
HH005,Oct-2024,103534,65594,1,1,0,2,1,9616,20.3,5.98,1,1
HH005,Nov-2024,111712,85089,1,2,1,2,1,13507,20.0,5.76,1,1
HH005,Dec-2024,106666,47937,1,4,0,2,1,11120,21.0,6.01,1,1
HH005,Jan-2025,114189,72902,1,2,0,2,1,14653,21.7,6.07,1,1
HH005,Feb-2025,110813,61955,0,1,0,2,1,12478,24.5,6.18,1,1
HH005,Mar-2025,114206,63633,0,2,0,2,1,13201,19.8,5.56,1,1
HH005,Apr-2025,104019,68106,0,4,0,2,1,12317,21.8,6.05,1,1
HH005,May-2025,110910,70865,0,3,0,2,1,12533,19.6,5.72,1,1
HH005,Jun-2025,115939,53429,0,1,0,2,1,13094,18.5,5.68,1,1
HH005,Jul-2025,108998,71281,0,2,0,2,1,13250,16.2,5.97,1,1
HH005,Aug-2025,111490,71032,1,2,0,2,1,16613,19.9,6.12,1,1
HH005,Sep-2025,106001,59573,0,0,0,2,1,11887,22.9,5.98,1,1
HH005,Oct-2025,112182,69694,1,4,0,2,1,13705,20.0,6.06,1,1
HH005,Nov-2025,113323,73687,1,4,0,2,1,14316,18.2,6.23,1,1
HH005,Dec-2025,112966,64501,1,2,0,2,1,13747,20.8,6.29,1,1
HH006,Jan-2021,65904,63503,1,4,1,3,1,13548,20.7,4.77,3,2
HH006,Feb-2021,66157,29482,0,1,0,3,1,10590,22.5,4.65,3,2
HH006,Mar-2021,72568,46694,0,1,0,3,1,12273,17.1,4.76,3,2
HH006,Apr-2021,62140,41767,0,0,0,3,1,12656,20.4,4.89,3,2
HH006,May-2021,67790,39664,0,2,0,3,1,14041,20.8,4.94,3,2
HH006,Jun-2021,68139,40362,0,0,0,3,1,10363,18.1,4.89,3,2
HH006,Jul-2021,68406,44136,0,1,0,3,1,13228,14.8,5.1,3,2
HH006,Aug-2021,71600,55847,1,2,0,3,1,13084,15.5,5.01,3,2
HH006,Sep-2021,71050,36571,0,2,0,3,1,12228,21.0,4.85,3,2
HH006,Oct-2021,72463,53346,1,3,0,3,1,12019,21.7,5.11,3,2
HH006,Nov-2021,70494,50261,1,3,0,3,1,13949,20.7,4.73,3,2
HH006,Dec-2021,75922,60132,1,1,0,3,1,13811,18.5,5.24,3,2
HH006,Jan-2022,74264,44497,1,3,0,3,1,14095,16.5,5.06,3,2
HH006,Feb-2022,72795,51193,0,1,0,3,1,12654,17.6,5.26,3,2
HH006,Mar-2022,73850,56259,0,1,0,3,1,14852,15.3,5.25,3,2
HH006,Apr-2022,78583,52209,0,3,0,3,1,13949,22.0,5.19,3,2
HH006,May-2022,75657,50065,0,0,0,3,1,12094,14.6,5.25,3,2
HH006,Jun-2022,81869,51599,0,0,0,3,1,14894,18.2,5.37,3,2
HH006,Jul-2022,74091,47133,0,1,0,3,1,13354,15.8,5.33,3,2
HH006,Aug-2022,75764,57861,1,1,0,3,1,12766,16.5,5.62,3,2
HH006,Sep-2022,79902,45959,0,1,0,3,1,13865,22.7,5.32,3,2
HH006,Oct-2022,75883,57825,1,2,0,3,1,16320,18.7,5.33,3,2
HH006,Nov-2022,77269,51015,1,4,0,3,1,13318,13.7,5.29,3,2
HH006,Dec-2022,76600,55752,1,3,0,3,1,12817,20.9,5.37,3,2
HH006,Jan-2023,81228,51756,1,3,0,3,1,15871,19.3,5.45,3,2
HH006,Feb-2023,85806,48238,0,1,0,3,1,16515,22.5,5.47,3,2
HH006,Mar-2023,82185,51779,0,1,0,3,1,14390,20.3,5.39,3,2
HH006,Apr-2023,81958,54248,0,0,0,3,1,15490,20.1,5.23,3,2
HH006,May-2023,86303,55903,0,1,0,3,1,16222,19.2,5.5,3,2
HH006,Jun-2023,78323,55145,0,1,0,3,1,16080,13.1,5.53,3,2
HH006,Jul-2023,87632,68070,0,2,1,3,1,15238,15.5,5.3,3,2
HH006,Aug-2023,84978,58051,1,4,0,3,1,15635,19.6,5.29,3,2
HH006,Sep-2023,85663,52467,0,1,0,3,1,12703,16.0,5.61,3,2
HH006,Oct-2023,84155,52726,1,2,0,3,1,14497,18.5,5.59,3,2
HH006,Nov-2023,90626,80884,1,4,1,3,1,15867,19.7,5.54,3,2
HH006,Dec-2023,90613,54080,1,2,0,3,1,16232,17.7,5.55,3,2
HH006,Jan-2024,88884,59747,1,1,0,3,1,16681,19.7,5.86,3,2
HH006,Feb-2024,90307,59175,0,2,0,3,1,17575,17.2,5.73,3,2
HH006,Mar-2024,87639,55579,0,1,0,3,1,13844,20.0,5.51,3,2
HH006,Apr-2024,91673,52970,0,2,0,3,1,17328,18.2,5.83,3,2
HH006,May-2024,89513,63438,0,2,0,3,1,16526,17.5,5.63,3,2
HH006,Jun-2024,93439,66141,0,1,0,3,1,16680,15.6,5.96,3,2
HH006,Jul-2024,98759,67825,0,1,0,3,1,16914,16.1,5.55,3,2
HH006,Aug-2024,87278,57284,1,2,0,3,1,15685,19.5,5.74,3,2
HH006,Sep-2024,88541,51754,0,1,0,3,1,17630,18.3,5.87,3,2
HH006,Oct-2024,95338,73292,1,4,0,3,1,18867,14.1,5.71,3,2
HH006,Nov-2024,92743,82322,1,3,0,3,1,18195,17.8,6.04,3,2
HH006,Dec-2024,94854,67836,1,3,0,3,1,15647,16.8,5.85,3,2
HH006,Jan-2025,98247,66147,1,2,0,3,1,19513,16.9,5.96,3,2
HH006,Feb-2025,99025,80139,0,1,0,3,1,18750,15.9,5.68,3,2
HH006,Mar-2025,96595,67025,0,3,0,3,1,17587,20.1,5.97,3,2
HH006,Apr-2025,100772,67105,0,2,0,3,1,17837,17.5,5.72,3,2
HH006,May-2025,102731,61660,0,0,0,3,1,19107,15.1,6.02,3,2
HH006,Jun-2025,101392,63826,0,0,0,3,1,19598,20.2,6.08,3,2
HH006,Jul-2025,105105,68907,0,0,0,3,1,17567,16.3,6.13,3,2
HH006,Aug-2025,96602,72287,1,2,0,3,1,17698,19.7,6.26,3,2
HH006,Sep-2025,106660,75747,0,2,0,3,1,18144,13.5,5.99,3,2
HH006,Oct-2025,102981,66147,1,2,0,3,1,17436,20.6,6.06,3,2
HH006,Nov-2025,103131,79099,1,2,1,3,1,16545,15.0,6.3,3,2
HH006,Dec-2025,105507,84382,1,1,0,3,1,20717,16.5,6.1,3,2
HH007,Jan-2021,83896,75267,1,6,0,4,2,15347,12.4,4.56,2,2
HH007,Feb-2021,84063,61377,0,0,0,4,2,15285,10.3,4.88,2,2
HH007,Mar-2021,89738,71482,0,1,0,4,2,14769,13.1,4.8,2,2
HH007,Apr-2021,83587,58037,0,3,0,4,2,15165,15.6,4.79,2,2
HH007,May-2021,88702,61595,0,2,0,4,2,13657,12.3,4.84,2,2
HH007,Jun-2021,84663,54560,0,1,0,4,2,16668,12.0,5.02,2,2
HH007,Jul-2021,85228,56370,0,1,0,4,2,15669,15.3,4.66,2,2
HH007,Aug-2021,84107,62324,1,1,0,4,2,12875,13.6,4.75,2,2
HH007,Sep-2021,87750,72798,0,4,0,4,2,14967,14.1,5.04,2,2
HH007,Oct-2021,93262,70167,1,1,1,4,2,15257,11.6,5.03,2,2
HH007,Nov-2021,87231,65671,1,2,0,4,2,13862,15.1,5.01,2,2
HH007,Dec-2021,87243,59106,1,1,0,4,2,15272,16.1,4.99,2,2
HH007,Jan-2022,94903,70573,1,2,0,4,2,15932,16.4,4.96,2,2
HH007,Feb-2022,86649,62778,0,1,0,4,2,12671,15.6,5.19,2,2
HH007,Mar-2022,88388,67899,0,1,0,4,2,18503,8.7,5.11,2,2
HH007,Apr-2022,92700,77154,0,0,0,4,2,16145,14.5,5.19,2,2
HH007,May-2022,94135,78964,0,0,0,4,2,16859,12.9,5.11,2,2
HH007,Jun-2022,91997,63433,0,0,0,4,2,17407,10.8,5.09,2,2
HH007,Jul-2022,90620,62439,0,0,0,4,2,15648,11.8,5.18,2,2
HH007,Aug-2022,93596,78014,1,2,1,4,2,15734,15.2,5.09,2,2
HH007,Sep-2022,90785,57650,0,2,0,4,2,17395,13.8,5.37,2,2
HH007,Oct-2022,91706,77402,1,3,0,4,2,16813,16.1,5.21,2,2
HH007,Nov-2022,94980,79547,1,3,0,4,2,16016,11.4,5.1,2,2
HH007,Dec-2022,93210,67192,1,2,0,4,2,17394,19.6,5.06,2,2
HH007,Jan-2023,97203,73269,1,3,0,4,2,17848,16.9,5.35,2,2
HH007,Feb-2023,92594,70136,0,3,0,4,2,18176,17.3,5.43,2,2
HH007,Mar-2023,95117,80169,0,1,0,4,2,17601,12.9,5.39,2,2
HH007,Apr-2023,97769,68830,0,1,0,4,2,17822,15.7,5.48,2,2
HH007,May-2023,92209,73057,0,2,0,4,2,16626,14.3,5.24,2,2
HH007,Jun-2023,98041,82081,0,2,0,4,2,15394,14.2,5.6,2,2
HH007,Jul-2023,101847,70925,0,1,0,4,2,17872,8.8,5.48,2,2
HH007,Aug-2023,94191,75165,1,2,0,4,2,16683,10.3,5.42,2,2
HH007,Sep-2023,101236,76214,0,3,0,4,2,17145,12.3,5.42,2,2
HH007,Oct-2023,94251,77605,1,2,0,4,2,17774,15.0,5.44,2,2
HH007,Nov-2023,103621,69283,1,2,0,4,2,19381,12.7,5.52,2,2
HH007,Dec-2023,92425,77600,1,2,0,4,2,16532,15.5,5.69,2,2
HH007,Jan-2024,97877,73620,1,2,0,4,2,16392,14.3,5.57,2,2
HH007,Feb-2024,99674,72316,0,1,0,4,2,18608,11.5,5.62,2,2
HH007,Mar-2024,103351,78359,0,4,0,4,2,19315,8.5,5.56,2,2
HH007,Apr-2024,99508,88417,0,0,1,4,2,15381,10.7,5.78,2,2
HH007,May-2024,101993,65561,0,0,0,4,2,17383,14.3,5.71,2,2
HH007,Jun-2024,101074,75478,0,1,0,4,2,18461,15.7,5.64,2,2
HH007,Jul-2024,106194,83907,0,1,0,4,2,19551,18.2,5.68,2,2
HH007,Aug-2024,102355,80716,1,1,0,4,2,17672,15.5,5.59,2,2
HH007,Sep-2024,101266,80256,0,3,0,4,2,18339,13.9,5.48,2,2
HH007,Oct-2024,98369,79794,1,2,0,4,2,18654,12.1,5.97,2,2
HH007,Nov-2024,104221,80584,1,2,0,4,2,17830,10.4,6.06,2,2
HH007,Dec-2024,96864,76234,1,2,0,4,2,17742,12.6,5.78,2,2
HH007,Jan-2025,105172,87679,1,1,0,4,2,18656,15.1,5.98,2,2
HH007,Feb-2025,102091,63236,0,0,0,4,2,19319,14.6,6.08,2,2
HH007,Mar-2025,104561,83788,0,1,0,4,2,17127,14.5,6.17,2,2
HH007,Apr-2025,100474,69214,0,0,0,4,2,17579,17.6,6.23,2,2
HH007,May-2025,105848,88805,0,4,0,4,2,18565,14.8,6.04,2,2
HH007,Jun-2025,107582,75042,0,1,0,4,2,18412,16.8,6.37,2,2
HH007,Jul-2025,105759,81145,0,1,0,4,2,18480,10.3,6.22,2,2
HH007,Aug-2025,105826,92541,1,1,0,4,2,19777,16.1,6.18,2,2
HH007,Sep-2025,104297,91374,0,4,0,4,2,19400,10.9,6.05,2,2
HH007,Oct-2025,110062,89719,1,2,0,4,2,21118,14.7,6.21,2,2
HH007,Nov-2025,108674,85774,1,1,0,4,2,18568,15.5,6.2,2,2
HH007,Dec-2025,108890,88579,1,2,0,4,2,17305,11.1,6.13,2,2
HH008,Jan-2021,110820,59826,1,1,0,4,2,21470,16.7,4.72,1,2
HH008,Feb-2021,109762,72721,0,1,0,4,2,24001,18.9,4.83,1,2
HH008,Mar-2021,107893,78571,0,0,0,4,2,23901,22.6,4.99,1,2
HH008,Apr-2021,111005,66539,0,2,0,4,2,23303,16.7,4.95,1,2
HH008,May-2021,106178,77470,0,1,0,4,2,21187,15.3,4.94,1,2
HH008,Jun-2021,114365,61654,0,1,0,4,2,24901,20.7,4.98,1,2
HH008,Jul-2021,104215,68163,0,2,0,4,2,21850,15.2,4.9,1,2
HH008,Aug-2021,107491,70237,1,2,0,4,2,22190,19.3,4.94,1,2
HH008,Sep-2021,109370,74335,0,2,0,4,2,22961,19.2,4.87,1,2
HH008,Oct-2021,115323,93574,1,4,0,4,2,25791,17.0,5.27,1,2
HH008,Nov-2021,113840,78689,1,1,0,4,2,22442,13.6,4.85,1,2
HH008,Dec-2021,112133,80268,1,2,0,4,2,21751,14.8,4.87,1,2
HH008,Jan-2022,121687,78730,1,1,0,4,2,24238,16.6,5.05,1,2
HH008,Feb-2022,115630,70776,0,1,0,4,2,23833,18.2,4.97,1,2
HH008,Mar-2022,117845,83738,0,0,0,4,2,25179,15.7,5.03,1,2
HH008,Apr-2022,116633,75267,0,2,0,4,2,23873,14.3,5.29,1,2
HH008,May-2022,112295,67165,0,0,0,4,2,23519,14.1,5.22,1,2
HH008,Jun-2022,114643,76176,0,0,0,4,2,24466,16.5,5.1,1,2
HH008,Jul-2022,111722,77775,0,2,0,4,2,23686,17.7,5.22,1,2
HH008,Aug-2022,116464,82387,1,2,0,4,2,23532,16.6,5.61,1,2
HH008,Sep-2022,116795,78524,0,0,0,4,2,24252,18.0,5.23,1,2
HH008,Oct-2022,122359,91204,1,1,1,4,2,25904,17.7,5.23,1,2
HH008,Nov-2022,119421,93261,1,3,0,4,2,27867,18.0,5.44,1,2
HH008,Dec-2022,113534,83005,1,1,0,4,2,24596,15.4,5.47,1,2
HH008,Jan-2023,121143,88258,1,3,0,4,2,24464,15.7,5.46,1,2
HH008,Feb-2023,116692,89026,0,2,0,4,2,26014,13.3,5.53,1,2
HH008,Mar-2023,119780,74851,0,0,0,4,2,25730,14.9,5.63,1,2
HH008,Apr-2023,115593,76362,0,1,0,4,2,24686,19.6,5.51,1,2
HH008,May-2023,125898,78810,0,1,0,4,2,24668,14.6,5.6,1,2
HH008,Jun-2023,123041,88164,0,2,0,4,2,27199,15.6,5.54,1,2
HH008,Jul-2023,121249,86252,0,1,0,4,2,23922,15.9,5.47,1,2
HH008,Aug-2023,117826,77555,1,2,0,4,2,25369,15.0,5.61,1,2
HH008,Sep-2023,122859,93230,0,2,1,4,2,28295,18.8,5.63,1,2
HH008,Oct-2023,116227,86327,1,1,0,4,2,25647,17.4,5.52,1,2
HH008,Nov-2023,129486,103992,1,2,0,4,2,27985,15.8,5.59,1,2
HH008,Dec-2023,122382,94327,1,4,1,4,2,25915,20.3,5.67,1,2
HH008,Jan-2024,123291,79391,1,1,0,4,2,25448,18.5,5.72,1,2
HH008,Feb-2024,130232,83576,0,0,0,4,2,27600,12.4,5.73,1,2
HH008,Mar-2024,121496,86823,0,3,0,4,2,25914,14.9,5.8,1,2
HH008,Apr-2024,124624,67848,0,0,0,4,2,24102,19.3,5.39,1,2
HH008,May-2024,128981,84721,0,0,0,4,2,27261,17.4,5.62,1,2
HH008,Jun-2024,130762,89237,0,0,0,4,2,27213,17.5,5.96,1,2
HH008,Jul-2024,126683,93116,0,2,0,4,2,24752,17.4,5.87,1,2
HH008,Aug-2024,127195,91339,1,1,0,4,2,28599,18.3,5.77,1,2
HH008,Sep-2024,128658,88084,0,3,0,4,2,26658,21.2,5.69,1,2
HH008,Oct-2024,132660,95311,1,2,0,4,2,28731,15.4,5.73,1,2
HH008,Nov-2024,124802,81549,1,4,0,4,2,25693,19.5,5.9,1,2
HH008,Dec-2024,132230,105760,1,2,0,4,2,28359,17.6,6.15,1,2
HH008,Jan-2025,130422,89853,1,3,0,4,2,27756,14.0,5.73,1,2
HH008,Feb-2025,128511,92183,0,2,0,4,2,27131,15.0,5.69,1,2
HH008,Mar-2025,130312,81385,0,0,0,4,2,25888,15.9,6.04,1,2
HH008,Apr-2025,130724,82381,0,1,0,4,2,25527,17.6,6.09,1,2
HH008,May-2025,137044,93882,0,2,0,4,2,31290,21.9,5.84,1,2
HH008,Jun-2025,139900,83618,0,0,0,4,2,29156,17.9,5.92,1,2
HH008,Jul-2025,139718,89138,0,0,0,4,2,29479,14.3,5.77,1,2
HH008,Aug-2025,134885,89790,1,2,0,4,2,27385,21.7,6.23,1,2
HH008,Sep-2025,141628,99680,0,5,0,4,2,32832,19.1,6.2,1,2
HH008,Oct-2025,140824,110062,1,3,0,4,2,30253,15.5,6.47,1,2
HH008,Nov-2025,134933,97689,1,1,0,4,2,29006,14.0,6.16,1,2
HH008,Dec-2025,144359,107433,1,2,1,4,2,32015,18.1,6.22,1,2
HH009,Jan-2021,133616,92927,1,4,0,5,3,19109,14.7,4.82,2,2
HH009,Feb-2021,128042,88277,0,1,0,5,3,20620,14.6,5.08,2,2
HH009,Mar-2021,129949,71682,0,3,0,5,3,21307,18.6,5.06,2,2
HH009,Apr-2021,141259,84936,0,1,0,5,3,21738,14.4,4.98,2,2
HH009,May-2021,135368,73998,0,2,0,5,3,18930,14.8,4.84,2,2
HH009,Jun-2021,141866,83491,0,1,0,5,3,21959,16.1,4.86,2,2
HH009,Jul-2021,129338,88728,0,1,0,5,3,20937,17.4,5.02,2,2
HH009,Aug-2021,143030,100549,1,3,0,5,3,21966,18.5,4.9,2,2
HH009,Sep-2021,129795,85555,0,1,0,5,3,19154,16.2,4.92,2,2
HH009,Oct-2021,143922,93753,1,3,0,5,3,22148,16.4,4.92,2,2
HH009,Nov-2021,137751,87953,1,5,0,5,3,22757,22.5,5.42,2,2
HH009,Dec-2021,145393,99181,1,4,0,5,3,21535,16.9,4.99,2,2
HH009,Jan-2022,139039,85174,1,4,0,5,3,21953,14.3,5.19,2,2
HH009,Feb-2022,141780,94290,0,0,0,5,3,22064,17.9,4.99,2,2
HH009,Mar-2022,139472,96979,0,3,0,5,3,21403,14.5,5.15,2,2
HH009,Apr-2022,144567,97661,0,0,0,5,3,22019,12.3,5.31,2,2
HH009,May-2022,145335,99732,0,3,0,5,3,21068,13.8,5.08,2,2
HH009,Jun-2022,137463,86042,0,0,0,5,3,19725,16.2,5.32,2,2
HH009,Jul-2022,136980,101494,0,1,0,5,3,20044,15.0,5.08,2,2
HH009,Aug-2022,140962,99429,1,4,0,5,3,22828,15.2,5.43,2,2
HH009,Sep-2022,143235,92497,0,0,0,5,3,22133,16.9,5.29,2,2
HH009,Oct-2022,141937,85896,1,4,0,5,3,20008,17.8,5.28,2,2
HH009,Nov-2022,151591,101803,1,2,0,5,3,22093,16.0,5.28,2,2
HH009,Dec-2022,144432,88570,1,1,0,5,3,22168,16.6,5.19,2,2
HH009,Jan-2023,138220,98756,1,3,0,5,3,20245,16.1,5.13,2,2
HH009,Feb-2023,148115,100156,0,5,0,5,3,23453,16.8,5.26,2,2
HH009,Mar-2023,147223,98982,0,2,0,5,3,27198,11.7,5.15,2,2
HH009,Apr-2023,135627,101252,0,0,0,5,3,19859,18.3,5.47,2,2
HH009,May-2023,141177,87200,0,0,0,5,3,22372,23.1,5.5,2,2
HH009,Jun-2023,136492,96933,0,1,0,5,3,20983,19.0,5.47,2,2
HH009,Jul-2023,145089,84578,0,1,0,5,3,21624,15.0,5.32,2,2
HH009,Aug-2023,150278,104021,1,1,0,5,3,24158,15.8,5.54,2,2
HH009,Sep-2023,148634,99058,0,0,0,5,3,22458,14.5,5.37,2,2
HH009,Oct-2023,140844,90146,1,1,1,5,3,20527,19.3,5.34,2,2
HH009,Nov-2023,138840,89709,1,2,0,5,3,22160,18.9,5.73,2,2
HH009,Dec-2023,144182,98317,1,2,0,5,3,23512,18.1,5.68,2,2
HH009,Jan-2024,149139,104786,1,1,0,5,3,23452,21.9,5.7,2,2
HH009,Feb-2024,144655,90306,0,1,1,5,3,22694,18.7,5.68,2,2
HH009,Mar-2024,149806,93214,0,1,0,5,3,22799,20.6,5.66,2,2
HH009,Apr-2024,150054,98109,0,1,0,5,3,22761,14.3,5.73,2,2
HH009,May-2024,151719,87145,0,1,0,5,3,23189,21.8,5.88,2,2
HH009,Jun-2024,156932,109564,0,0,1,5,3,23650,14.4,5.73,2,2
HH009,Jul-2024,154359,106920,0,0,0,5,3,24150,18.0,5.7,2,2
HH009,Aug-2024,150270,102695,1,5,0,5,3,23596,19.3,5.73,2,2
HH009,Sep-2024,156176,97885,0,0,0,5,3,26190,17.3,5.97,2,2
HH009,Oct-2024,156709,108850,1,3,0,5,3,23886,20.3,5.91,2,2
HH009,Nov-2024,152272,104913,1,4,0,5,3,23750,13.2,5.84,2,2
HH009,Dec-2024,144804,108368,1,3,0,5,3,21372,19.5,5.85,2,2
HH009,Jan-2025,149892,107895,1,4,0,5,3,22751,16.2,5.8,2,2
HH009,Feb-2025,152100,111913,0,3,0,5,3,24467,22.5,6.22,2,2
HH009,Mar-2025,154450,93804,0,1,0,5,3,25459,16.0,5.94,2,2
HH009,Apr-2025,152704,99071,0,0,0,5,3,24212,14.9,5.96,2,2
HH009,May-2025,160927,93266,0,1,0,5,3,23329,21.6,6.28,2,2
HH009,Jun-2025,154280,99850,0,0,0,5,3,24214,17.2,5.98,2,2
HH009,Jul-2025,154506,100521,0,0,0,5,3,23870,20.9,6.36,2,2
HH009,Aug-2025,161250,116855,1,2,0,5,3,26401,16.9,6.27,2,2
HH009,Sep-2025,149796,91727,0,0,0,5,3,23116,19.5,6.15,2,2
HH009,Oct-2025,163372,106799,1,2,0,5,3,26191,15.9,6.32,2,2
HH009,Nov-2025,159879,108506,1,4,0,5,3,24437,15.9,6.27,2,2
HH009,Dec-2025,156251,102438,1,2,0,5,3,25480,20.0,6.32,2,2
HH010,Jan-2021,164082,102486,1,3,0,5,2,27458,9.1,4.78,1,2
HH010,Feb-2021,162080,98090,0,0,0,5,2,27044,5.4,4.87,1,2
HH010,Mar-2021,160263,105396,0,1,0,5,2,25366,9.8,4.85,1,2
HH010,Apr-2021,150505,117470,0,2,0,5,2,26189,5.1,4.71,1,2
HH010,May-2021,163564,93306,0,0,0,5,2,27653,6.7,4.84,1,2
HH010,Jun-2021,152373,102161,0,2,0,5,2,24717,15.0,5.15,1,2
HH010,Jul-2021,165311,110878,0,0,1,5,2,28799,13.3,5.02,1,2
HH010,Aug-2021,158009,106406,1,4,0,5,2,25839,11.3,4.79,1,2
HH010,Sep-2021,178328,104493,0,0,0,5,2,29877,11.5,5.01,1,2
HH010,Oct-2021,171796,109586,1,3,0,5,2,28286,10.9,5.01,1,2
HH010,Nov-2021,161243,95442,1,1,0,5,2,26696,10.5,5.17,1,2
HH010,Dec-2021,173790,105491,1,2,0,5,2,27881,5.2,5.05,1,2
HH010,Jan-2022,166385,112290,1,2,0,5,2,26755,6.1,5.17,1,2
HH010,Feb-2022,159230,96808,0,2,0,5,2,26036,11.6,5.21,1,2
HH010,Mar-2022,170843,99733,0,5,0,5,2,28537,11.8,5.14,1,2
HH010,Apr-2022,154572,91248,0,1,0,5,2,24849,9.4,4.94,1,2
HH010,May-2022,167177,118089,0,1,0,5,2,27251,9.7,5.18,1,2
HH010,Jun-2022,184548,112475,0,1,0,5,2,31162,7.8,5.13,1,2
HH010,Jul-2022,161471,85263,0,1,0,5,2,25997,12.8,4.87,1,2
HH010,Aug-2022,162693,121125,1,2,1,5,2,25950,6.6,5.14,1,2
HH010,Sep-2022,151624,94655,0,1,0,5,2,25362,6.6,5.44,1,2
HH010,Oct-2022,177423,122521,1,2,0,5,2,29954,12.2,5.16,1,2
HH010,Nov-2022,167982,102254,1,2,0,5,2,28565,10.1,5.07,1,2
HH010,Dec-2022,172763,105345,1,1,0,5,2,30208,12.1,5.23,1,2
HH010,Jan-2023,177682,120944,1,1,0,5,2,31229,16.9,5.4,1,2
HH010,Feb-2023,178248,112066,0,1,0,5,2,29712,9.0,5.4,1,2
HH010,Mar-2023,180934,111735,0,2,0,5,2,31313,7.0,5.34,1,2
HH010,Apr-2023,171508,100620,0,1,0,5,2,26582,9.5,5.39,1,2
HH010,May-2023,173545,107808,0,3,0,5,2,28146,6.7,5.65,1,2
HH010,Jun-2023,178080,105653,0,2,0,5,2,27521,7.7,5.55,1,2
HH010,Jul-2023,161388,108973,0,4,0,5,2,26235,9.5,5.43,1,2
HH010,Aug-2023,160785,99226,1,1,0,5,2,27759,11.1,5.35,1,2
HH010,Sep-2023,174332,117848,0,2,0,5,2,27951,9.9,5.45,1,2
HH010,Oct-2023,172014,99602,1,2,0,5,2,28952,9.9,5.54,1,2
HH010,Nov-2023,169634,130418,1,5,0,5,2,26927,10.9,5.53,1,2
HH010,Dec-2023,183218,120561,1,2,0,5,2,31284,9.9,5.74,1,2
HH010,Jan-2024,181174,115472,1,2,0,5,2,29009,10.2,5.55,1,2
HH010,Feb-2024,172855,125529,0,1,0,5,2,28622,12.3,5.66,1,2
HH010,Mar-2024,176377,109977,0,1,0,5,2,29597,6.8,5.75,1,2
HH010,Apr-2024,178507,107467,0,1,0,5,2,29003,13.1,5.67,1,2
HH010,May-2024,173827,111214,0,1,0,5,2,29062,13.1,5.48,1,2
HH010,Jun-2024,177031,109515,0,0,0,5,2,30949,6.2,5.94,1,2
HH010,Jul-2024,177443,120003,0,0,0,5,2,28134,13.3,5.7,1,2
HH010,Aug-2024,167324,115487,1,2,0,5,2,26985,12.8,5.97,1,2
HH010,Sep-2024,174165,101107,0,0,0,5,2,29818,14.9,5.98,1,2
HH010,Oct-2024,174572,118747,1,4,0,5,2,30750,13.3,5.92,1,2
HH010,Nov-2024,178382,118428,1,2,0,5,2,31210,12.7,5.96,1,2
HH010,Dec-2024,174981,103501,1,2,0,5,2,27946,10.2,5.79,1,2
HH010,Jan-2025,170259,115453,1,4,0,5,2,28685,14.5,5.81,1,2
HH010,Feb-2025,192454,117629,0,0,0,5,2,30957,9.8,6.07,1,2
HH010,Mar-2025,194141,125096,0,1,0,5,2,33147,10.3,6.15,1,2
HH010,Apr-2025,184902,126005,0,1,1,5,2,30906,11.0,5.98,1,2
HH010,May-2025,184046,118766,0,3,0,5,2,32642,13.0,5.86,1,2
HH010,Jun-2025,182469,105011,0,0,0,5,2,28318,11.6,5.85,1,2
HH010,Jul-2025,175363,104683,0,0,0,5,2,29428,13.8,5.96,1,2
HH010,Aug-2025,171814,117437,1,3,0,5,2,29757,7.8,6.2,1,2
HH010,Sep-2025,177858,118294,0,1,0,5,2,30367,8.6,6.26,1,2
HH010,Oct-2025,184136,130253,1,1,0,5,2,28878,6.7,6.08,1,2
HH010,Nov-2025,188797,135383,1,3,0,5,2,32166,7.3,6.21,1,2
HH010,Dec-2025,186637,133932,1,1,1,5,2,31040,8.5,5.96,1,2
HH011,Jan-2021,100042,79433,1,3,0,5,2,24643,7.6,4.98,3,3
HH011,Feb-2021,92243,75780,0,1,0,5,2,23168,8.5,5.04,3,3
HH011,Mar-2021,96130,72740,0,0,0,5,2,23797,13.0,4.98,3,3
HH011,Apr-2021,94153,75355,0,2,0,5,2,26572,13.8,4.75,3,3
HH011,May-2021,99490,82329,0,1,0,5,2,24258,4.7,4.79,3,3
HH011,Jun-2021,100338,78978,0,2,0,5,2,26740,8.6,4.95,3,3
HH011,Jul-2021,96155,70797,0,3,0,5,2,25780,10.7,4.7,3,3
HH011,Aug-2021,93672,84832,1,2,0,5,2,25713,12.5,4.95,3,3
HH011,Sep-2021,105116,83842,0,1,0,5,2,27776,12.5,4.75,3,3
HH011,Oct-2021,102791,82520,1,1,0,5,2,26453,13.4,4.91,3,3
HH011,Nov-2021,97342,83632,1,1,0,5,2,24967,10.0,4.9,3,3
HH011,Dec-2021,105139,96996,1,1,0,5,2,28408,6.9,5.32,3,3
HH011,Jan-2022,97050,91312,1,3,0,5,2,23693,9.2,5.2,3,3
HH011,Feb-2022,93377,76696,0,1,0,5,2,20628,10.8,4.95,3,3
HH011,Mar-2022,104146,89584,0,4,0,5,2,27491,9.3,5.01,3,3
HH011,Apr-2022,106020,77534,0,1,0,5,2,27241,8.3,5.21,3,3
HH011,May-2022,109693,100367,0,0,0,5,2,27144,12.9,5.46,3,3
HH011,Jun-2022,113880,82618,0,1,0,5,2,29899,8.4,4.59,3,3
HH011,Jul-2022,103521,81968,0,2,0,5,2,28332,10.4,4.83,3,3
HH011,Aug-2022,103908,85151,1,1,0,5,2,25812,8.4,5.21,3,3
HH011,Sep-2022,107789,86756,0,2,0,5,2,26566,11.0,5.09,3,3
HH011,Oct-2022,109217,85880,1,1,0,5,2,26718,8.7,5.25,3,3
HH011,Nov-2022,108758,90288,1,3,0,5,2,27242,9.7,5.49,3,3
HH011,Dec-2022,111757,92026,1,3,0,5,2,27839,11.3,5.44,3,3
HH011,Jan-2023,106162,100922,1,2,0,5,2,27444,9.3,5.31,3,3
HH011,Feb-2023,109192,79754,0,0,0,5,2,29179,14.1,5.51,3,3
HH011,Mar-2023,115750,89334,0,3,0,5,2,31837,12.3,5.32,3,3
HH011,Apr-2023,113907,94447,0,1,0,5,2,27247,11.3,5.37,3,3
HH011,May-2023,117400,91016,0,1,0,5,2,29458,8.8,5.56,3,3
HH011,Jun-2023,114998,83649,0,0,0,5,2,29494,9.3,5.76,3,3
HH011,Jul-2023,113860,92973,0,2,0,5,2,29708,8.1,5.67,3,3
HH011,Aug-2023,122109,98330,1,1,1,5,2,30405,10.3,5.72,3,3
HH011,Sep-2023,116875,100962,0,1,0,5,2,27527,11.9,5.88,3,3
HH011,Oct-2023,111183,99279,1,4,0,5,2,25977,5.7,5.58,3,3
HH011,Nov-2023,119518,104308,1,1,0,5,2,31161,9.0,5.59,3,3
HH011,Dec-2023,113190,106734,1,4,0,5,2,28578,8.2,5.55,3,3
HH011,Jan-2024,120277,97528,1,4,0,5,2,33043,12.6,5.71,3,3
HH011,Feb-2024,121544,91723,0,0,0,5,2,30104,6.0,5.62,3,3
HH011,Mar-2024,122270,97752,0,2,0,5,2,31459,9.5,5.85,3,3
HH011,Apr-2024,119642,99910,0,2,0,5,2,31289,10.3,5.56,3,3
HH011,May-2024,116137,102688,0,2,0,5,2,28897,8.0,5.58,3,3
HH011,Jun-2024,117936,102351,0,1,0,5,2,31049,8.1,5.85,3,3
HH011,Jul-2024,122291,102940,0,2,0,5,2,30503,11.7,5.79,3,3
HH011,Aug-2024,120643,99132,1,3,0,5,2,31003,11.3,6.09,3,3
HH011,Sep-2024,124977,95520,0,0,0,5,2,30711,11.9,5.85,3,3
HH011,Oct-2024,122093,103331,1,2,0,5,2,30534,13.2,5.96,3,3
HH011,Nov-2024,127277,97115,1,2,0,5,2,32516,13.4,5.95,3,3
HH011,Dec-2024,126320,106657,1,1,0,5,2,32017,8.9,5.68,3,3
HH011,Jan-2025,127647,107317,1,5,0,5,2,32319,6.3,5.68,3,3
HH011,Feb-2025,128516,89331,0,1,0,5,2,30510,15.7,5.84,3,3
HH011,Mar-2025,130306,108927,0,3,0,5,2,34005,8.7,5.99,3,3
HH011,Apr-2025,123406,99624,0,1,0,5,2,29142,6.7,6.14,3,3
HH011,May-2025,131292,102678,0,1,0,5,2,33338,11.3,5.86,3,3
HH011,Jun-2025,120000,111124,0,2,0,5,2,30577,7.0,6.02,3,3
HH011,Jul-2025,128440,94541,0,0,1,5,2,30249,14.0,5.94,3,3
HH011,Aug-2025,131076,105275,1,2,0,5,2,32386,8.9,6.59,3,3
HH011,Sep-2025,130124,103096,0,2,0,5,2,33646,15.8,6.0,3,3
HH011,Oct-2025,128271,111006,1,1,0,5,2,32529,8.0,6.36,3,3
HH011,Nov-2025,133401,117891,1,4,0,5,2,32716,8.4,5.98,3,3
HH011,Dec-2025,134966,102077,1,2,0,5,2,32955,10.7,6.18,3,3
HH012,Jan-2021,132549,87287,1,4,1,6,3,27956,12.3,4.93,2,3
HH012,Feb-2021,134053,83795,0,0,0,6,3,28966,11.7,4.76,2,3
HH012,Mar-2021,137386,96641,0,0,0,6,3,28790,14.3,4.74,2,3
HH012,Apr-2021,132912,80509,0,0,0,6,3,25865,13.8,4.73,2,3
HH012,May-2021,136076,88524,0,1,0,6,3,30131,11.9,4.91,2,3
HH012,Jun-2021,139315,91462,0,2,0,6,3,30166,7.3,4.73,2,3
HH012,Jul-2021,123105,86599,0,1,0,6,3,25842,11.2,4.97,2,3
HH012,Aug-2021,130405,73173,1,2,0,6,3,27732,9.6,4.92,2,3
HH012,Sep-2021,137325,101887,0,3,0,6,3,31782,10.4,4.85,2,3
HH012,Oct-2021,132484,87222,1,2,0,6,3,28102,6.5,5.07,2,3
HH012,Nov-2021,137130,83174,1,1,0,6,3,28989,7.6,5.11,2,3
HH012,Dec-2021,133340,96115,1,4,0,6,3,29289,10.4,4.96,2,3
HH012,Jan-2022,135169,91738,1,3,0,6,3,29283,10.7,5.05,2,3
HH012,Feb-2022,132806,91444,0,2,0,6,3,27614,9.5,4.95,2,3
HH012,Mar-2022,134836,81961,0,1,0,6,3,28655,10.3,5.08,2,3
HH012,Apr-2022,139135,89626,0,1,0,6,3,31573,12.6,5.0,2,3
HH012,May-2022,128508,89687,0,1,0,6,3,26666,13.7,5.12,2,3
HH012,Jun-2022,136707,87560,0,0,0,6,3,30613,10.4,5.19,2,3
HH012,Jul-2022,137025,92275,0,3,0,6,3,30770,12.4,5.54,2,3
HH012,Aug-2022,141005,92846,1,2,0,6,3,28533,11.7,5.21,2,3
HH012,Sep-2022,147094,100494,0,3,0,6,3,33915,12.5,5.18,2,3
HH012,Oct-2022,138773,112889,1,3,0,6,3,29975,10.2,5.19,2,3
HH012,Nov-2022,139901,93893,1,3,0,6,3,29505,8.9,5.32,2,3
HH012,Dec-2022,148719,97866,1,2,0,6,3,30342,7.9,5.64,2,3
HH012,Jan-2023,142359,89599,1,1,0,6,3,31651,11.4,5.15,2,3
HH012,Feb-2023,151947,107050,0,2,1,6,3,34042,13.2,5.61,2,3
HH012,Mar-2023,145647,106294,0,5,0,6,3,29366,8.5,5.06,2,3
HH012,Apr-2023,138702,91524,0,0,0,6,3,29770,5.6,5.58,2,3
HH012,May-2023,134025,90710,0,0,0,6,3,29641,11.5,5.41,2,3
HH012,Jun-2023,146306,120562,0,3,0,6,3,32207,7.1,5.34,2,3
HH012,Jul-2023,134928,105121,0,3,0,6,3,28546,12.8,5.57,2,3
HH012,Aug-2023,142116,88972,1,1,0,6,3,30756,12.4,5.58,2,3
HH012,Sep-2023,141638,94038,0,1,0,6,3,30817,11.5,5.64,2,3
HH012,Oct-2023,148051,106380,1,4,0,6,3,30081,11.6,5.43,2,3
HH012,Nov-2023,143053,99523,1,1,0,6,3,30355,8.3,5.71,2,3
HH012,Dec-2023,147493,103694,1,2,0,6,3,32312,12.9,5.65,2,3
HH012,Jan-2024,146224,105186,1,5,0,6,3,32923,14.0,5.74,2,3
HH012,Feb-2024,135577,80072,0,0,0,6,3,29490,13.0,5.95,2,3
HH012,Mar-2024,138960,108338,0,1,0,6,3,30462,10.0,5.73,2,3
HH012,Apr-2024,152793,104361,0,0,0,6,3,33710,12.6,5.92,2,3
HH012,May-2024,138177,106378,0,3,0,6,3,30057,7.4,5.74,2,3
HH012,Jun-2024,147803,104671,0,2,1,6,3,31964,12.0,5.58,2,3
HH012,Jul-2024,146975,99700,0,1,0,6,3,31008,12.2,5.68,2,3
HH012,Aug-2024,151219,107014,1,3,0,6,3,31493,11.1,5.9,2,3
HH012,Sep-2024,153442,103018,0,3,0,6,3,33856,11.6,5.82,2,3
HH012,Oct-2024,154333,109521,1,4,0,6,3,33542,10.7,5.89,2,3
HH012,Nov-2024,145570,115139,1,4,0,6,3,31829,8.5,5.91,2,3
HH012,Dec-2024,146748,96132,1,2,0,6,3,31343,11.4,5.94,2,3
HH012,Jan-2025,155736,110155,1,2,0,6,3,32564,11.1,5.88,2,3
HH012,Feb-2025,150290,104799,0,1,0,6,3,34385,8.7,6.2,2,3
HH012,Mar-2025,156749,116669,0,2,0,6,3,34045,14.1,5.81,2,3
HH012,Apr-2025,159236,101929,0,1,0,6,3,33422,9.5,5.94,2,3
HH012,May-2025,149031,100518,0,0,0,6,3,32447,10.1,6.14,2,3
HH012,Jun-2025,147764,103024,0,3,0,6,3,31957,11.1,5.96,2,3
HH012,Jul-2025,153696,107374,0,3,0,6,3,30177,10.9,6.04,2,3
HH012,Aug-2025,146122,102206,1,1,0,6,3,31290,15.5,6.15,2,3
HH012,Sep-2025,151215,110600,0,1,0,6,3,32162,11.1,6.24,2,3
HH012,Oct-2025,154342,116952,1,2,1,6,3,32829,10.9,6.26,2,3
HH012,Nov-2025,155302,111782,1,1,0,6,3,32149,11.1,6.19,2,3
HH012,Dec-2025,151863,102038,1,2,0,6,3,31488,5.6,5.98,2,3
HH013,Jan-2021,171900,100622,1,1,0,6,4,40946,12.4,4.68,1,3
HH013,Feb-2021,175330,109288,0,2,0,6,4,43288,14.8,4.75,1,3
HH013,Mar-2021,175642,107989,0,2,0,6,4,42839,14.7,4.94,1,3
HH013,Apr-2021,175113,114018,0,2,0,6,4,43750,9.9,5.04,1,3
HH013,May-2021,191239,123832,0,3,0,6,4,45882,12.1,4.87,1,3
HH013,Jun-2021,177219,112358,0,1,0,6,4,43788,15.3,5.0,1,3
HH013,Jul-2021,175262,114762,0,1,0,6,4,38567,13.8,5.07,1,3
HH013,Aug-2021,189672,127480,1,3,0,6,4,44905,14.3,4.86,1,3
HH013,Sep-2021,175971,114206,0,0,0,6,4,43455,13.0,4.71,1,3
HH013,Oct-2021,169984,109098,1,2,0,6,4,43623,11.5,5.2,1,3
HH013,Nov-2021,178156,124228,1,2,0,6,4,42366,12.5,4.98,1,3
HH013,Dec-2021,182977,131836,1,4,0,6,4,46344,11.4,5.09,1,3
HH013,Jan-2022,186523,113191,1,2,0,6,4,46099,18.3,4.85,1,3
HH013,Feb-2022,171801,103383,0,1,0,6,4,41300,11.2,5.3,1,3
HH013,Mar-2022,186190,119561,0,1,0,6,4,43907,10.6,4.92,1,3
HH013,Apr-2022,175626,114215,0,0,1,6,4,41424,14.5,4.98,1,3
HH013,May-2022,172262,116984,0,1,0,6,4,42987,15.6,5.23,1,3
HH013,Jun-2022,182408,115826,0,1,0,6,4,45488,13.1,5.35,1,3
HH013,Jul-2022,186267,115906,0,2,0,6,4,44443,12.6,5.32,1,3
HH013,Aug-2022,191060,132828,1,3,0,6,4,45164,11.5,5.4,1,3
HH013,Sep-2022,183968,126622,0,1,0,6,4,45547,16.3,5.27,1,3
HH013,Oct-2022,179893,116037,1,1,0,6,4,42092,12.3,5.03,1,3
HH013,Nov-2022,194888,133866,1,2,0,6,4,48333,9.4,5.43,1,3
HH013,Dec-2022,179461,109221,1,2,0,6,4,44795,19.3,5.3,1,3
HH013,Jan-2023,190980,119494,1,4,0,6,4,46530,17.5,5.25,1,3
HH013,Feb-2023,179303,120127,0,0,0,6,4,44421,9.7,5.39,1,3
HH013,Mar-2023,189169,121609,0,5,0,6,4,47009,15.4,5.22,1,3
HH013,Apr-2023,199777,131084,0,1,0,6,4,49994,13.3,5.37,1,3
HH013,May-2023,187193,127428,0,4,0,6,4,46018,13.7,5.71,1,3
HH013,Jun-2023,187167,116848,0,2,0,6,4,45118,11.9,5.41,1,3
HH013,Jul-2023,196947,131887,0,1,1,6,4,46447,14.0,5.51,1,3
HH013,Aug-2023,189278,124157,1,2,0,6,4,45777,14.0,5.48,1,3
HH013,Sep-2023,193905,127752,0,1,0,6,4,46857,11.4,5.67,1,3
HH013,Oct-2023,208498,138844,1,2,0,6,4,51363,13.0,5.56,1,3
HH013,Nov-2023,192313,125700,1,3,0,6,4,47213,12.5,5.72,1,3
HH013,Dec-2023,194851,125896,1,4,0,6,4,47791,15.4,5.79,1,3
HH013,Jan-2024,196023,123744,1,2,0,6,4,46767,13.4,5.49,1,3
HH013,Feb-2024,193544,126875,0,1,0,6,4,46428,13.3,5.72,1,3
HH013,Mar-2024,204539,132069,0,1,0,6,4,49565,12.5,5.71,1,3
HH013,Apr-2024,199596,132481,0,1,0,6,4,48319,12.7,5.9,1,3
HH013,May-2024,202290,140759,0,3,0,6,4,47069,10.5,5.43,1,3
HH013,Jun-2024,204426,113691,0,2,0,6,4,47631,11.8,5.48,1,3
HH013,Jul-2024,187712,127457,0,0,0,6,4,42599,11.8,5.76,1,3
HH013,Aug-2024,202352,138620,1,3,0,6,4,50275,15.1,5.65,1,3
HH013,Sep-2024,212093,136119,0,1,0,6,4,54073,14.4,6.05,1,3
HH013,Oct-2024,200476,126874,1,3,0,6,4,48901,15.7,6.02,1,3
HH013,Nov-2024,208323,137652,1,2,0,6,4,51779,12.9,6.03,1,3
HH013,Dec-2024,208921,143840,1,3,0,6,4,50889,10.2,6.05,1,3
HH013,Jan-2025,199553,121262,1,2,0,6,4,48910,15.5,6.13,1,3
HH013,Feb-2025,214963,140609,0,4,0,6,4,54093,14.1,6.19,1,3
HH013,Mar-2025,198948,131776,0,2,0,6,4,48538,17.4,6.03,1,3
HH013,Apr-2025,208463,124707,0,2,0,6,4,48627,12.5,6.19,1,3
HH013,May-2025,197165,124729,0,0,0,6,4,47790,11.9,6.17,1,3
HH013,Jun-2025,196313,137211,0,2,0,6,4,47015,14.4,6.01,1,3
HH013,Jul-2025,209207,135380,0,1,0,6,4,53384,11.6,6.14,1,3
HH013,Aug-2025,210642,142009,1,3,0,6,4,54020,9.5,5.97,1,3
HH013,Sep-2025,214956,132633,0,1,0,6,4,51146,10.6,6.07,1,3
HH013,Oct-2025,213021,140832,1,5,0,6,4,51773,16.0,6.29,1,3
HH013,Nov-2025,200344,135555,1,4,0,6,4,48192,17.0,6.18,1,3
HH013,Dec-2025,213429,142199,1,2,0,6,4,51594,9.1,6.27,1,3
HH014,Jan-2021,215927,138550,1,4,0,7,4,58637,11.9,4.83,2,3
HH014,Feb-2021,209453,122774,0,0,0,7,4,53399,12.0,4.7,2,3
HH014,Mar-2021,212589,127818,0,1,0,7,4,55555,15.9,5.35,2,3
HH014,Apr-2021,226917,153720,0,0,0,7,4,58895,8.0,4.88,2,3
HH014,May-2021,198952,131641,0,2,0,7,4,51222,11.9,5.08,2,3
HH014,Jun-2021,223233,143314,0,1,0,7,4,57247,12.1,5.04,2,3
HH014,Jul-2021,221877,155394,0,1,0,7,4,59827,10.8,4.94,2,3
HH014,Aug-2021,227528,150871,1,4,0,7,4,58370,12.1,4.68,2,3
HH014,Sep-2021,229427,159176,0,4,0,7,4,60370,9.6,4.82,2,3
HH014,Oct-2021,228710,163506,1,2,0,7,4,60321,12.9,4.87,2,3
HH014,Nov-2021,222435,155966,1,2,0,7,4,57048,8.0,4.78,2,3
HH014,Dec-2021,228909,155706,1,2,0,7,4,59383,14.4,5.06,2,3
HH014,Jan-2022,239449,156028,1,2,0,7,4,62124,13.3,4.94,2,3
HH014,Feb-2022,217967,153210,0,0,0,7,4,56471,7.8,5.0,2,3
HH014,Mar-2022,234822,163025,0,1,0,7,4,60512,13.4,5.01,2,3
HH014,Apr-2022,235541,179840,0,1,0,7,4,59850,8.1,5.37,2,3
HH014,May-2022,236676,155486,0,1,0,7,4,59973,11.3,5.19,2,3
HH014,Jun-2022,224708,155932,0,2,0,7,4,56471,10.7,5.0,2,3
HH014,Jul-2022,237894,168731,0,1,0,7,4,61143,11.4,5.13,2,3
HH014,Aug-2022,246879,181506,1,2,1,7,4,64034,12.4,5.46,2,3
HH014,Sep-2022,234585,170157,0,3,1,7,4,60795,14.1,5.64,2,3
HH014,Oct-2022,234029,161079,1,4,0,7,4,59994,17.6,5.27,2,3
HH014,Nov-2022,240903,158574,1,1,0,7,4,60514,13.2,5.31,2,3
HH014,Dec-2022,235076,165305,1,2,0,7,4,61558,14.1,5.16,2,3
HH014,Jan-2023,224983,159191,1,2,0,7,4,59287,11.3,5.42,2,3
HH014,Feb-2023,225275,164430,0,0,0,7,4,58388,10.3,5.16,2,3
HH014,Mar-2023,243500,174725,0,2,0,7,4,63367,11.3,5.37,2,3
HH014,Apr-2023,234049,162617,0,3,0,7,4,62396,11.8,5.61,2,3
HH014,May-2023,232896,161273,0,0,0,7,4,62009,13.1,5.61,2,3
HH014,Jun-2023,235789,159174,0,1,0,7,4,60074,9.3,5.43,2,3
HH014,Jul-2023,250151,173541,0,1,0,7,4,65297,13.6,5.57,2,3
HH014,Aug-2023,251496,171965,1,2,0,7,4,63772,13.0,5.54,2,3
HH014,Sep-2023,240747,143540,0,0,0,7,4,62642,13.8,5.58,2,3
HH014,Oct-2023,257210,176409,1,4,0,7,4,66560,11.4,5.55,2,3
HH014,Nov-2023,243197,178200,1,2,0,7,4,62532,13.4,5.55,2,3
HH014,Dec-2023,238779,160617,1,2,0,7,4,60978,13.2,5.62,2,3
HH014,Jan-2024,226014,155624,1,1,0,7,4,58398,13.4,5.64,2,3
HH014,Feb-2024,254819,169627,0,3,0,7,4,63368,13.8,5.46,2,3
HH014,Mar-2024,242922,167294,0,1,0,7,4,61135,12.6,5.67,2,3
HH014,Apr-2024,250973,177971,0,3,0,7,4,64841,6.7,6.03,2,3
HH014,May-2024,243301,153649,0,3,0,7,4,61682,14.2,5.77,2,3
HH014,Jun-2024,254315,174292,0,5,0,7,4,66087,10.7,5.89,2,3
HH014,Jul-2024,242598,159695,0,2,0,7,4,62527,8.8,5.57,2,3
HH014,Aug-2024,263126,190600,1,2,0,7,4,66580,10.2,5.74,2,3
HH014,Sep-2024,256526,176611,0,3,0,7,4,68955,10.4,5.56,2,3
HH014,Oct-2024,253250,186668,1,1,0,7,4,65900,13.6,5.86,2,3
HH014,Nov-2024,233843,161522,1,2,0,7,4,59518,9.2,6.01,2,3
HH014,Dec-2024,263744,186174,1,3,0,7,4,68099,12.0,5.94,2,3
HH014,Jan-2025,249482,171289,1,3,0,7,4,66777,7.9,5.7,2,3
HH014,Feb-2025,247645,171251,0,1,0,7,4,65505,12.8,5.93,2,3
HH014,Mar-2025,248124,174519,0,1,0,7,4,63812,14.4,6.06,2,3
HH014,Apr-2025,244648,170520,0,1,0,7,4,60694,14.5,5.86,2,3
HH014,May-2025,251299,171125,0,5,0,7,4,64878,17.2,6.15,2,3
HH014,Jun-2025,257759,169949,0,1,0,7,4,67931,10.2,6.07,2,3
HH014,Jul-2025,265698,183726,0,1,0,7,4,67494,15.3,6.03,2,3
HH014,Aug-2025,263140,187279,1,4,0,7,4,68876,11.1,6.27,2,3
HH014,Sep-2025,264194,187369,0,1,0,7,4,67850,13.7,5.93,2,3
HH014,Oct-2025,259365,175242,1,2,0,7,4,67323,14.1,6.37,2,3
HH014,Nov-2025,249111,175854,1,2,0,7,4,63290,11.8,5.79,2,3
HH014,Dec-2025,254555,174724,1,3,0,7,4,64880,14.3,6.28,2,3
HH015,Jan-2021,252862,165916,1,1,0,8,5,71111,3.1,4.56,1,3
HH015,Feb-2021,281871,172077,0,0,1,8,5,81539,5.6,4.82,1,3
HH015,Mar-2021,279663,182307,0,2,0,8,5,82500,9.2,4.97,1,3
HH015,Apr-2021,271394,176157,0,0,0,8,5,76703,7.5,5.04,1,3
HH015,May-2021,288351,189243,0,1,0,8,5,83130,8.7,4.93,1,3
HH015,Jun-2021,262234,183796,0,4,0,8,5,75418,10.6,4.63,1,3
HH015,Jul-2021,285113,179860,0,1,0,8,5,82668,10.6,5.14,1,3
HH015,Aug-2021,285673,190223,1,2,0,8,5,83932,6.8,5.02,1,3
HH015,Sep-2021,277253,189506,0,4,0,8,5,83252,9.3,4.96,1,3
HH015,Oct-2021,301477,199078,1,1,0,8,5,89108,4.3,5.11,1,3
HH015,Nov-2021,276749,180408,1,1,0,8,5,80412,9.2,5.02,1,3
HH015,Dec-2021,285428,183164,1,2,0,8,5,84152,8.9,5.03,1,3
HH015,Jan-2022,289761,190676,1,1,0,8,5,83350,6.0,5.18,1,3
HH015,Feb-2022,282878,182396,0,1,0,8,5,82838,8.0,5.18,1,3
HH015,Mar-2022,306922,197475,0,0,0,8,5,87534,6.9,5.26,1,3
HH015,Apr-2022,296937,191637,0,3,0,8,5,85327,11.4,5.18,1,3
HH015,May-2022,284162,179251,0,2,0,8,5,81894,9.0,5.12,1,3
HH015,Jun-2022,284530,181658,0,3,0,8,5,83751,10.8,5.25,1,3
HH015,Jul-2022,302058,187628,0,1,0,8,5,90337,9.3,5.22,1,3
HH015,Aug-2022,305184,200181,1,3,0,8,5,87380,3.3,5.31,1,3
HH015,Sep-2022,302495,196792,0,1,0,8,5,87932,10.4,5.32,1,3
HH015,Oct-2022,297128,196935,1,1,0,8,5,85629,12.6,5.38,1,3
HH015,Nov-2022,311904,208339,1,2,0,8,5,89805,8.0,5.43,1,3
HH015,Dec-2022,291710,192334,1,3,0,8,5,83339,7.7,4.99,1,3
HH015,Jan-2023,283480,193461,1,3,0,8,5,82025,6.9,5.2,1,3
HH015,Feb-2023,298327,203722,0,2,0,8,5,86094,8.2,5.16,1,3
HH015,Mar-2023,305503,203541,0,1,0,8,5,85895,8.5,5.18,1,3
HH015,Apr-2023,289570,186533,0,1,0,8,5,82875,8.7,5.57,1,3
HH015,May-2023,292914,180046,0,3,0,8,5,84590,8.9,5.22,1,3
HH015,Jun-2023,251732,161898,0,3,0,8,5,73476,11.2,5.44,1,3
HH015,Jul-2023,308587,188989,0,0,0,8,5,86643,5.5,5.74,1,3
HH015,Aug-2023,300313,198769,1,4,0,8,5,87766,6.1,5.45,1,3
HH015,Sep-2023,296523,193312,0,0,0,8,5,85401,5.1,5.54,1,3
HH015,Oct-2023,294160,195825,1,3,0,8,5,86009,8.9,5.29,1,3
HH015,Nov-2023,325747,204395,1,2,0,8,5,94535,11.7,5.62,1,3
HH015,Dec-2023,304755,206747,1,3,1,8,5,90346,10.6,5.51,1,3
HH015,Jan-2024,289758,193043,1,3,0,8,5,82930,8.4,5.7,1,3
HH015,Feb-2024,304071,200423,0,2,0,8,5,89054,6.2,5.61,1,3
HH015,Mar-2024,314715,207049,0,0,0,8,5,91785,5.0,5.5,1,3
HH015,Apr-2024,325070,191703,0,1,0,8,5,93059,5.9,5.77,1,3
HH015,May-2024,298369,201836,0,2,0,8,5,85576,9.4,5.73,1,3
HH015,Jun-2024,319070,196643,0,2,0,8,5,93235,11.4,5.68,1,3
HH015,Jul-2024,294705,206324,0,2,0,8,5,85237,11.5,5.8,1,3
HH015,Aug-2024,310525,214974,1,3,0,8,5,87914,9.7,5.88,1,3
HH015,Sep-2024,308348,196705,0,4,1,8,5,89439,11.4,6.08,1,3
HH015,Oct-2024,302736,195824,1,1,0,8,5,87974,11.3,5.98,1,3
HH015,Nov-2024,307311,211186,1,2,0,8,5,89872,4.7,5.96,1,3
HH015,Dec-2024,314014,212281,1,4,0,8,5,90631,7.8,6.24,1,3
HH015,Jan-2025,301822,199260,1,1,0,8,5,87575,10.4,5.94,1,3
HH015,Feb-2025,306154,200026,0,1,0,8,5,91954,11.0,6.06,1,3
HH015,Mar-2025,313918,195809,0,1,0,8,5,92476,10.8,5.75,1,3
HH015,Apr-2025,305657,201309,0,1,0,8,5,89832,14.0,5.74,1,3
HH015,May-2025,316441,208012,0,0,1,8,5,92927,10.7,5.88,1,3
HH015,Jun-2025,308549,192907,0,3,0,8,5,89051,11.1,5.91,1,3
HH015,Jul-2025,320412,205066,0,0,0,8,5,91876,6.2,5.95,1,3
HH015,Aug-2025,312603,208701,1,2,0,8,5,88265,6.7,6.16,1,3
HH015,Sep-2025,300953,199493,0,0,0,8,5,87323,2.8,6.2,1,3
HH015,Oct-2025,311122,218118,1,2,0,8,5,88986,2.8,6.16,1,3
HH015,Nov-2025,304094,201408,1,3,0,8,5,87466,6.4,6.28,1,3
HH015,Dec-2025,316538,209932,1,2,0,8,5,92811,9.4,6.01,1,3
