Household_ID,Month,Income,Expense,Festival,Travel_Days,Emergency,Family_Size,Dependents,EMI_Loan,Savings_Rate,Inflation,City_Tier,Household_Type_Code
HH001,Jan-2021,37490,35049,1,1,0,1,0,5840,12.8,4.62,3,1
HH001,Feb-2021,35841,20886,0,1,0,1,0,4779,15.8,5.0,3,1
HH001,Mar-2021,36840,27006,0,1,0,1,0,3502,18.6,4.83,3,1
HH001,Apr-2021,36908,17538,0,2,0,1,0,5413,13.2,4.69,3,1
HH001,May-2021,40058,38743,0,0,0,1,0,6407,19.4,4.85,3,1
HH001,Jun-2021,38710,35744,0,2,0,1,0,5430,17.6,4.77,3,1
HH001,Jul-2021,41431,36459,0,0,0,1,0,4610,15.1,4.79,3,1
HH001,Aug-2021,40382,38383,1,3,0,1,0,2092,21.5,4.92,3,1
HH001,Sep-2021,41246,27038,0,0,0,1,0,2761,20.2,4.91,3,1
HH001,Oct-2021,39322,37859,1,5,0,1,0,4681,12.6,4.9,3,1
HH001,Nov-2021,40413,38041,1,1,0,1,0,4548,17.4,4.86,3,1
HH001,Dec-2021,41799,41443,1,3,0,1,0,5414,15.9,5.16,3,1
HH001,Jan-2022,43982,37839,1,1,0,1,0,6222,18.3,5.09,3,1
HH001,Feb-2022,46739,33053,0,2,0,1,0,5049,14.0,5.15,3,1
HH001,Mar-2022,47743,40165,0,0,0,1,0,5613,16.3,5.11,3,1
HH001,Apr-2022,48927,36664,0,2,0,1,0,7246,13.9,4.88,3,1
HH001,May-2022,49228,41536,0,0,0,1,0,6828,17.7,5.03,3,1
HH001,Jun-2022,47523,38879,0,1,0,1,0,6104,12.6,5.24,3,1
HH001,Jul-2022,50969,37187,0,2,0,1,0,6976,13.1,5.23,3,1
HH001,Aug-2022,50430,34846,1,1,0,1,0,6693,16.1,5.43,3,1
HH001,Sep-2022,53679,44329,0,3,0,1,0,7217,21.3,5.22,3,1
HH001,Oct-2022,51377,43273,1,3,0,1,0,7553,15.3,5.4,3,1
HH001,Nov-2022,51888,27379,1,1,0,1,0,8675,18.3,5.29,3,1
HH001,Dec-2022,50733,44492,1,2,0,1,0,6240,15.4,5.24,3,1
HH001,Jan-2023,52312,54969,1,2,0,1,0,4110,13.1,5.46,3,1
HH001,Feb-2023,52827,44397,0,2,0,1,0,8208,17.4,5.41,3,1
HH001,Mar-2023,54381,45632,0,1,0,1,0,9151,15.8,5.49,3,1
HH001,Apr-2023,57795,46633,0,3,0,1,0,8324,14.4,5.41,3,1
HH001,May-2023,56263,39413,0,0,0,1,0,7441,18.5,5.39,3,1
HH001,Jun-2023,58077,49956,0,1,0,1,0,8147,15.0,5.63,3,1
HH001,Jul-2023,58656,49125,0,2,0,1,0,7648,19.8,5.44,3,1
HH001,Aug-2023,58809,66118,1,2,0,1,0,7372,18.1,5.52,3,1
HH001,Sep-2023,59109,41467,0,0,0,1,0,6295,24.0,5.5,3,1
HH001,Oct-2023,61897,60488,1,3,0,1,0,9372,16.5,5.6,3,1
HH001,Nov-2023,61858,36764,1,1,0,1,0,9803,15.6,5.54,3,1
HH001,Dec-2023,61597,79736,1,2,0,1,0,10985,17.5,5.92,3,1
HH001,Jan-2024,61976,56962,1,2,0,1,0,7880,15.8,5.89,3,1
HH001,Feb-2024,64514,51029,0,0,0,1,0,7889,16.3,5.41,3,1
HH001,Mar-2024,66279,46722,0,2,0,1,0,10787,17.2,5.63,3,1
HH001,Apr-2024,67450,53421,0,2,0,1,0,9976,12.2,5.78,3,1
HH001,May-2024,65018,45361,0,0,0,1,0,11422,18.9,5.64,3,1
HH001,Jun-2024,67422,50451,0,2,0,1,0,8301,18.3,5.61,3,1
HH001,Jul-2024,68830,59082,0,1,0,1,0,7548,16.5,5.99,3,1
HH001,Aug-2024,67745,48816,1,2,0,1,0,8846,13.9,5.9,3,1
HH001,Sep-2024,68943,48963,0,1,0,1,0,9040,14.9,5.87,3,1
HH001,Oct-2024,71641,63060,1,4,0,1,0,10839,16.2,5.74,3,1
HH001,Nov-2024,67995,60657,1,2,0,1,0,8055,13.6,5.97,3,1
HH001,Dec-2024,72447,62133,1,2,0,1,0,9558,14.2,5.76,3,1
HH001,Jan-2025,75823,62778,1,2,0,1,0,11029,13.2,5.85,3,1
HH001,Feb-2025,72935,49828,0,2,0,1,0,9365,17.9,5.96,3,1
HH001,Mar-2025,74452,53330,0,4,0,1,0,11354,17.9,6.08,3,1
HH001,Apr-2025,75385,45428,0,0,0,1,0,10922,12.9,5.98,3,1
HH001,May-2025,76764,88997,0,1,1,1,0,11115,14.7,5.88,3,1
HH001,Jun-2025,75275,62413,0,1,0,1,0,8926,16.3,6.1,3,1
HH001,Jul-2025,78073,68996,0,0,1,1,0,9105,15.4,6.12,3,1
HH001,Aug-2025,78664,89669,1,4,1,1,0,11248,18.8,5.88,3,1
HH001,Sep-2025,79274,55811,0,3,0,1,0,10154,20.2,5.98,3,1
HH001,Oct-2025,80932,76702,1,4,0,1,0,9527,14.1,6.07,3,1
HH001,Nov-2025,79923,55701,1,2,0,1,0,10990,15.3,6.12,3,1
HH001,Dec-2025,79464,87297,1,5,1,1,0,12576,18.5,5.95,3,1
HH002,Jan-2021,52636,44639,1,1,0,2,0,7482,23.0,4.87,2,1
HH002,Feb-2021,50825,27321,0,1,0,2,0,5253,19.9,4.63,2,1
HH002,Mar-2021,51243,36080,0,1,0,2,0,6683,14.3,4.73,2,1
HH002,Apr-2021,51747,36599,0,3,0,2,0,5594,16.7,4.74,2,1
HH002,May-2021,55407,42483,0,2,0,2,0,9399,15.9,5.11,2,1
HH002,Jun-2021,53325,39681,0,3,0,2,0,7596,20.7,4.91,2,1
HH002,Jul-2021,54535,37162,0,2,0,2,0,6158,18.6,4.88,2,1
HH002,Aug-2021,57547,49100,1,3,0,2,0,6592,16.8,4.93,2,1
HH002,Sep-2021,57329,54537,0,0,0,2,0,7253,16.1,4.95,2,1
HH002,Oct-2021,55011,45935,1,2,0,2,0,7483,22.4,5.13,2,1
HH002,Nov-2021,58157,45311,1,1,0,2,0,7479,15.5,4.71,2,1
HH002,Dec-2021,57804,56786,1,5,0,2,0,6581,16.3,5.19,2,1
HH002,Jan-2022,60847,54415,1,1,0,2,0,10231,18.1,4.77,2,1
HH002,Feb-2022,57771,46054,0,2,0,2,0,7762,19.8,5.2,2,1
HH002,Mar-2022,58867,74935,0,1,1,2,0,7921,19.4,5.24,2,1
HH002,Apr-2022,62297,55951,0,2,0,2,0,8820,20.3,5.31,2,1
HH002,May-2022,61200,43135,0,2,0,2,0,9466,22.3,5.36,2,1
HH002,Jun-2022,58313,42448,0,0,0,2,0,7519,21.2,5.19,2,1
HH002,Jul-2022,64591,56335,0,1,0,2,0,7854,19.3,5.02,2,1
HH002,Aug-2022,68974,69950,1,3,0,2,0,9316,20.7,5.36,2,1
HH002,Sep-2022,65921,54049,0,2,0,2,0,8457,21.3,5.27,2,1
HH002,Oct-2022,63016,52681,1,2,0,2,0,9238,17.2,5.38,2,1
HH002,Nov-2022,63163,62797,1,3,0,2,0,7581,22.0,5.42,2,1
HH002,Dec-2022,69715,61778,1,1,0,2,0,9307,17.7,5.2,2,1
HH002,Jan-2023,68577,54442,1,2,0,2,0,10889,25.3,5.54,2,1
HH002,Feb-2023,66643,54139,0,1,0,2,0,10614,17.9,5.29,2,1
HH002,Mar-2023,68094,73029,0,1,1,2,0,8676,17.6,5.45,2,1
HH002,Apr-2023,66978,55099,0,1,0,2,0,9610,15.6,5.42,2,1
HH002,May-2023,67768,43428,0,0,0,2,0,10832,20.4,5.44,2,1
HH002,Jun-2023,68220,42058,0,1,0,2,0,9679,20.6,5.56,2,1
HH002,Jul-2023,72632,49615,0,0,0,2,0,9753,24.1,5.48,2,1
HH002,Aug-2023,67682,59638,1,3,0,2,0,8241,19.9,5.36,2,1
HH002,Sep-2023,67324,55943,0,0,0,2,0,10903,16.6,5.49,2,1
HH002,Oct-2023,75424,78890,1,1,0,2,0,11783,19.6,5.66,2,1
HH002,Nov-2023,73458,76208,1,4,0,2,0,9251,14.6,5.74,2,1
HH002,Dec-2023,70875,64460,1,2,0,2,0,9241,20.8,5.28,2,1
HH002,Jan-2024,75759,62570,1,4,0,2,0,12707,19.2,5.61,2,1
HH002,Feb-2024,76246,56703,0,1,0,2,0,10829,23.5,5.7,2,1
HH002,Mar-2024,78540,67412,0,3,0,2,0,10378,14.8,5.5,2,1
HH002,Apr-2024,75555,51667,0,0,0,2,0,10132,19.5,5.76,2,1
HH002,May-2024,76708,53351,0,1,0,2,0,11210,18.8,5.62,2,1
HH002,Jun-2024,75770,57983,0,0,0,2,0,10537,18.3,5.58,2,1
HH002,Jul-2024,80435,69816,0,4,0,2,0,12915,18.5,5.61,2,1
HH002,Aug-2024,80269,60832,1,1,0,2,0,11507,19.3,5.77,2,1
HH002,Sep-2024,83292,58362,0,2,0,2,0,13113,20.7,5.91,2,1
HH002,Oct-2024,81705,57172,1,1,0,2,0,13267,19.7,5.57,2,1
HH002,Nov-2024,82587,66264,1,3,0,2,0,10993,17.4,5.98,2,1
HH002,Dec-2024,81936,67271,1,2,0,2,0,10014,21.3,5.85,2,1
HH002,Jan-2025,79738,66831,1,1,0,2,0,13067,19.9,6.01,2,1
HH002,Feb-2025,84865,58204,0,1,0,2,0,12205,20.8,5.93,2,1
HH002,Mar-2025,79638,66955,0,2,0,2,0,10781,16.2,5.96,2,1
HH002,Apr-2025,82260,62548,0,1,0,2,0,9450,23.1,6.13,2,1
HH002,May-2025,81287,58616,0,3,0,2,0,10313,17.1,6.05,2,1
HH002,Jun-2025,86027,52513,0,0,0,2,0,12761,21.3,5.93,2,1
HH002,Jul-2025,85493,62000,0,1,0,2,0,10699,21.0,6.19,2,1
HH002,Aug-2025,86521,72587,1,2,0,2,0,14972,17.8,6.21,2,1
HH002,Sep-2025,88498,57899,0,1,0,2,0,11622,16.0,6.25,2,1
HH002,Oct-2025,89399,71772,1,3,0,2,0,9854,19.8,6.39,2,1
HH002,Nov-2025,89309,95870,1,2,1,2,0,12651,19.2,6.34,2,1
HH002,Dec-2025,86696,75543,1,1,0,2,0,13086,20.1,5.99,2,1
HH003,Jan-2021,65691,49298,1,3,0,2,1,7664,18.7,4.77,2,1
HH003,Feb-2021,63033,61125,0,0,0,2,1,8843,17.6,4.93,2,1
HH003,Mar-2021,66966,57846,0,0,0,2,1,9045,14.1,4.8,2,1
HH003,Apr-2021,66027,65382,0,2,0,2,1,10266,15.1,4.55,2,1
HH003,May-2021,64393,62869,0,4,0,2,1,10673,19.1,5.2,2,1
HH003,Jun-2021,67826,54122,0,2,0,2,1,9656,18.3,4.69,2,1
HH003,Jul-2021,70734,58216,0,1,0,2,1,6665,17.2,5.06,2,1
HH003,Aug-2021,72991,68418,1,2,0,2,1,12546,15.7,5.09,2,1
HH003,Sep-2021,73725,52211,0,0,0,2,1,10227,19.8,4.9,2,1
HH003,Oct-2021,72906,68813,1,2,0,2,1,10332,22.4,5.13,2,1
HH003,Nov-2021,75735,66246,1,1,0,2,1,11201,21.8,5.09,2,1
HH003,Dec-2021,74234,81940,1,2,1,2,1,9728,19.3,5.01,2,1
HH003,Jan-2022,70928,93516,1,3,1,2,1,10676,21.2,5.25,2,1
HH003,Feb-2022,74853,44694,0,1,0,2,1,11077,17.8,5.16,2,1
HH003,Mar-2022,71046,58781,0,3,0,2,1,10457,18.8,5.15,2,1
HH003,Apr-2022,70101,56699,0,0,0,2,1,8113,19.8,5.32,2,1
HH003,May-2022,71954,63766,0,2,0,2,1,8810,13.9,5.19,2,1
HH003,Jun-2022,72996,48984,0,1,0,2,1,9310,18.7,5.27,2,1
HH003,Jul-2022,75972,57295,0,0,0,2,1,12365,14.4,5.47,2,1
HH003,Aug-2022,77736,70334,1,3,0,2,1,12507,19.8,5.11,2,1
HH003,Sep-2022,73392,51682,0,2,0,2,1,10454,20.4,5.25,2,1
HH003,Oct-2022,77166,72126,1,1,0,2,1,11798,15.7,5.19,2,1
HH003,Nov-2022,81357,71588,1,3,0,2,1,11526,16.7,5.19,2,1
HH003,Dec-2022,74858,70473,1,1,0,2,1,11277,17.8,5.42,2,1
HH003,Jan-2023,80917,75160,1,4,0,2,1,12041,17.6,5.33,2,1
HH003,Feb-2023,81899,65225,0,0,0,2,1,14278,17.8,5.22,2,1
HH003,Mar-2023,80415,65529,0,1,0,2,1,12252,17.7,5.18,2,1
HH003,Apr-2023,82595,67371,0,1,0,2,1,12312,15.5,5.63,2,1
HH003,May-2023,82646,71270,0,1,0,2,1,10781,16.4,5.53,2,1
HH003,Jun-2023,85041,66361,0,1,0,2,1,11673,14.9,5.59,2,1
HH003,Jul-2023,81661,67420,0,1,0,2,1,10097,17.0,5.55,2,1
HH003,Aug-2023,84543,75991,1,1,0,2,1,12166,19.7,5.38,2,1
HH003,Sep-2023,81050,61006,0,2,0,2,1,11654,16.7,5.38,2,1
HH003,Oct-2023,85470,60063,1,1,0,2,1,11523,15.5,5.64,2,1
HH003,Nov-2023,81600,81674,1,3,0,2,1,10560,18.2,5.57,2,1
HH003,Dec-2023,87167,58073,1,1,0,2,1,11845,19.6,5.57,2,1
HH003,Jan-2024,85449,72572,1,1,0,2,1,12969,20.2,6.07,2,1
HH003,Feb-2024,83001,61447,0,3,0,2,1,12375,16.8,5.78,2,1
HH003,Mar-2024,92276,73597,0,1,0,2,1,11360,16.6,5.91,2,1
HH003,Apr-2024,92035,63512,0,4,0,2,1,10486,18.4,5.63,2,1
HH003,May-2024,86590,63303,0,1,0,2,1,11302,16.6,5.71,2,1
HH003,Jun-2024,89690,64976,0,1,0,2,1,12226,17.5,5.91,2,1
HH003,Jul-2024,87141,72882,0,2,0,2,1,14672,17.6,5.85,2,1
HH003,Aug-2024,86044,65102,1,1,0,2,1,12144,17.2,5.82,2,1
HH003,Sep-2024,89730,77844,0,2,0,2,1,11806,17.6,5.91,2,1
HH003,Oct-2024,93361,71897,1,2,0,2,1,15215,15.7,5.61,2,1
HH003,Nov-2024,93025,82674,1,1,0,2,1,12546,15.6,5.87,2,1
HH003,Dec-2024,95042,76543,1,1,0,2,1,12477,14.4,5.86,2,1
HH003,Jan-2025,96875,77463,1,3,0,2,1,14254,16.6,6.04,2,1
HH003,Feb-2025,93526,78543,0,1,0,2,1,14261,17.1,6.16,2,1
HH003,Mar-2025,93177,71365,0,0,0,2,1,12654,18.9,6.22,2,1
HH003,Apr-2025,94723,70258,0,3,0,2,1,14004,18.0,5.99,2,1
HH003,May-2025,94461,80105,0,0,0,2,1,13347,16.8,5.89,2,1
HH003,Jun-2025,97702,74719,0,2,0,2,1,14943,13.3,6.15,2,1
HH003,Jul-2025,96818,86442,0,0,1,2,1,13260,18.3,6.15,2,1
HH003,Aug-2025,92668,99292,1,1,1,2,1,12352,20.9,6.45,2,1
HH003,Sep-2025,100055,82419,0,3,0,2,1,13873,14.0,6.29,2,1
HH003,Oct-2025,103962,78425,1,1,0,2,1,14887,18.4,6.33,2,1
HH003,Nov-2025,102866,81488,1,1,0,2,1,13424,13.8,6.16,2,1
HH003,Dec-2025,101225,73632,1,3,0,2,1,14010,18.1,6.22,2,1
HH004,Jan-2021,72057,59220,1,1,0,1,0,8686,21.0,5.04,1,1
HH004,Feb-2021,81100,49736,0,0,0,1,0,9175,16.9,4.59,1,1
HH004,Mar-2021,74843,66072,0,4,0,1,0,7420,16.6,4.98,1,1
HH004,Apr-2021,80169,52573,0,0,0,1,0,10166,21.7,4.81,1,1
HH004,May-2021,77077,54072,0,2,0,1,0,8519,20.9,4.88,1,1
HH004,Jun-2021,81369,65193,0,0,0,1,0,7008,19.8,4.95,1,1
HH004,Jul-2021,74075,67741,0,1,0,1,0,6858,19.3,4.88,1,1
HH004,Aug-2021,81549,64091,1,2,0,1,0,7639,19.2,5.18,1,1
HH004,Sep-2021,77380,59891,0,1,0,1,0,5996,19.4,4.57,1,1
HH004,Oct-2021,80490,62489,1,1,0,1,0,8450,17.0,5.07,1,1
HH004,Nov-2021,77576,59508,1,2,0,1,0,7928,22.6,5.24,1,1
HH004,Dec-2021,77286,82523,1,3,1,1,0,8574,16.2,5.17,1,1
HH004,Jan-2022,78648,94969,1,5,1,1,0,8938,18.9,5.34,1,1
HH004,Feb-2022,81321,59426,0,1,0,1,0,7491,19.1,4.74,1,1
HH004,Mar-2022,84555,63588,0,1,0,1,0,9759,17.1,4.97,1,1
HH004,Apr-2022,82046,49843,0,1,0,1,0,7953,21.1,5.36,1,1
HH004,May-2022,80843,53290,0,1,0,1,0,9090,20.4,5.22,1,1
HH004,Jun-2022,83201,59409,0,1,0,1,0,8852,23.1,5.57,1,1
HH004,Jul-2022,81575,57666,0,0,0,1,0,8042,18.1,4.9,1,1
HH004,Aug-2022,81802,68190,1,1,0,1,0,8949,20.8,5.15,1,1
HH004,Sep-2022,88706,60239,0,1,0,1,0,10304,17.0,5.32,1,1
HH004,Oct-2022,90830,65644,1,3,0,1,0,8146,18.5,5.44,1,1
HH004,Nov-2022,85424,76159,1,5,0,1,0,9444,16.0,5.53,1,1
HH004,Dec-2022,84083,66553,1,3,0,1,0,7534,18.2,5.36,1,1
HH004,Jan-2023,83844,69864,1,3,0,1,0,11377,22.6,5.48,1,1
HH004,Feb-2023,85210,65613,0,2,0,1,0,12280,17.2,5.61,1,1
HH004,Mar-2023,88981,63194,0,0,0,1,0,9838,15.9,5.27,1,1
HH004,Apr-2023,90929,65292,0,0,0,1,0,10349,18.9,5.52,1,1
HH004,May-2023,87086,66249,0,1,0,1,0,8966,17.1,5.29,1,1
HH004,Jun-2023,92958,56362,0,0,0,1,0,8815,19.9,5.58,1,1
HH004,Jul-2023,87525,68804,0,1,0,1,0,8748,18.8,5.62,1,1
HH004,Aug-2023,89490,75013,1,2,0,1,0,10741,13.7,5.66,1,1
HH004,Sep-2023,96035,60295,0,2,0,1,0,10399,18.8,5.4,1,1
HH004,Oct-2023,94599,72716,1,2,0,1,0,10489,18.4,5.82,1,1
HH004,Nov-2023,90097,72252,1,2,0,1,0,8874,21.1,5.74,1,1
HH004,Dec-2023,92660,77079,1,5,0,1,0,10588,17.4,5.5,1,1
HH004,Jan-2024,92641,70533,1,1,0,1,0,9080,15.4,5.93,1,1
HH004,Feb-2024,93056,62555,0,0,0,1,0,11270,19.6,5.49,1,1
HH004,Mar-2024,91041,64542,0,0,0,1,0,10161,20.7,5.72,1,1
HH004,Apr-2024,85754,49662,0,1,0,1,0,9129,22.0,5.67,1,1
HH004,May-2024,93587,70556,0,1,0,1,0,10299,18.4,5.59,1,1
HH004,Jun-2024,93047,75624,0,3,0,1,0,8253,19.9,5.88,1,1
HH004,Jul-2024,96332,68274,0,0,0,1,0,9621,18.6,5.85,1,1
HH004,Aug-2024,95697,65926,1,3,0,1,0,10862,15.8,5.79,1,1
HH004,Sep-2024,96498,66994,0,3,0,1,0,9541,20.4,5.7,1,1
HH004,Oct-2024,100414,81734,1,2,0,1,0,10811,15.8,5.92,1,1
HH004,Nov-2024,98978,70313,1,1,0,1,0,7751,16.2,5.52,1,1
HH004,Dec-2024,96261,68127,1,3,0,1,0,10502,17.0,5.69,1,1
HH004,Jan-2025,97889,79362,1,3,0,1,0,10015,14.8,6.19,1,1
HH004,Feb-2025,98313,79339,0,2,0,1,0,10025,20.3,6.11,1,1
HH004,Mar-2025,99378,65821,0,1,0,1,0,10488,21.3,5.75,1,1
HH004,Apr-2025,100982,75344,0,1,0,1,0,9522,15.3,5.92,1,1
HH004,May-2025,103759,79785,0,0,0,1,0,13486,16.7,5.9,1,1
HH004,Jun-2025,104689,64920,0,1,0,1,0,13712,21.6,6.13,1,1
HH004,Jul-2025,95896,74868,0,1,0,1,0,11593,18.3,5.92,1,1
HH004,Aug-2025,101603,73978,1,3,0,1,0,11578,20.3,6.15,1,1
HH004,Sep-2025,104872,71416,0,0,0,1,0,11767,21.3,5.7,1,1
HH004,Oct-2025,105606,79119,1,2,0,1,0,11136,16.6,6.02,1,1
HH004,Nov-2025,101568,79880,1,2,0,1,0,11209,17.2,6.48,1,1
HH004,Dec-2025,100919,78281,1,2,0,1,0,9961,13.1,6.61,1,1
HH005,Jan-2021,93316,57302,1,2,0,2,1,13972,23.1,4.67,1,1
HH005,Feb-2021,84535,63804,0,3,0,2,1,12133,21.8,5.07,1,1
HH005,Mar-2021,88893,48382,0,1,0,2,1,11106,18.2,4.69,1,1
HH005,Apr-2021,85727,53816,0,1,0,2,1,13296,16.7,4.96,1,1
HH005,May-2021,90700,58838,0,1,0,2,1,15675,18.5,4.53,1,1
HH005,Jun-2021,87389,69286,0,2,0,2,1,12379,18.1,4.98,1,1
HH005,Jul-2021,88554,75978,0,1,0,2,1,12852,18.2,5.09,1,1
HH005,Aug-2021,90294,67408,1,2,0,2,1,12367,19.2,5.1,1,1
HH005,Sep-2021,91992,53784,0,0,0,2,1,15831,20.6,4.95,1,1
HH005,Oct-2021,90361,68500,1,1,0,2,1,11645,16.9,4.95,1,1
HH005,Nov-2021,91408,60453,1,2,0,2,1,14159,21.4,5.0,1,1
HH005,Dec-2021,98643,71657,1,3,0,2,1,14994,16.6,5.31,1,1
HH005,Jan-2022,91776,59338,1,3,0,2,1,11586,20.8,5.27,1,1
HH005,Feb-2022,100320,77394,0,0,0,2,1,14155,20.3,5.24,1,1
HH005,Mar-2022,99224,69125,0,0,0,2,1,15958,18.7,4.94,1,1
HH005,Apr-2022,94054,55652,0,2,0,2,1,12221,17.7,5.09,1,1
HH005,May-2022,99146,50404,0,1,0,2,1,14048,21.1,5.16,1,1
HH005,Jun-2022,102652,85826,0,1,1,2,1,15192,19.9,5.15,1,1
HH005,Jul-2022,97874,64299,0,2,0,2,1,12846,19.3,4.91,1,1
HH005,Aug-2022,102861,78603,1,1,0,2,1,15866,19.0,5.02,1,1
HH005,Sep-2022,101400,56540,0,0,0,2,1,13296,15.6,5.34,1,1
HH005,Oct-2022,107478,79780,1,2,0,2,1,17164,17.3,5.45,1,1
HH005,Nov-2022,105163,91995,1,3,0,2,1,17661,19.3,5.29,1,1
HH005,Dec-2022,101435,77683,1,2,0,2,1,13858,16.7,5.19,1,1
HH005,Jan-2023,99995,75815,1,1,0,2,1,14891,19.7,5.6,1,1
HH005,Feb-2023,100861,69803,0,1,0,2,1,14818,21.5,5.27,1,1
HH005,Mar-2023,105688,65506,0,2,0,2,1,15043,17.7,5.42,1,1
HH005,Apr-2023,106094,87709,0,0,0,2,1,15525,15.1,5.27,1,1
HH005,May-2023,105777,62462,0,1,0,2,1,15380,21.4,5.59,1,1
HH005,Jun-2023,108612,66832,0,2,0,2,1,17140,21.6,5.62,1,1
HH005,Jul-2023,112208,74550,0,1,0,2,1,15582,20.3,5.46,1,1
HH005,Aug-2023,109495,78785,1,2,0,2,1,17062,16.9,5.49,1,1
HH005,Sep-2023,104966,97152,0,2,1,2,1,14095,17.4,5.73,1,1
HH005,Oct-2023,110462,80949,1,3,0,2,1,18118,23.1,5.65,1,1
HH005,Nov-2023,110206,82914,1,1,0,2,1,18801,18.5,5.87,1,1
HH005,Dec-2023,114197,75866,1,1,0,2,1,18735,19.4,5.83,1,1
HH005,Jan-2024,110782,68777,1,1,0,2,1,16196,19.4,5.41,1,1
HH005,Feb-2024,112964,73667,0,0,0,2,1,16453,16.1,5.64,1,1
HH005,Mar-2024,107180,65999,0,1,0,2,1,16482,18.4,5.82,1,1
HH005,Apr-2024,119148,72733,0,0,0,2,1,16330,16.8,5.72,1,1
HH005,May-2024,119326,82833,0,0,0,2,1,16547,22.8,5.88,1,1
HH005,Jun-2024,115663,72182,0,1,0,2,1,18501,17.8,5.97,1,1
HH005,Jul-2024,113796,64795,0,2,0,2,1,17386,18.8,5.66,1,1
HH005,Aug-2024,116318,73354,1,1,0,2,1,16460,20.8,5.79,1,1
HH005,Sep-2024,120038,75302,0,1,0,2,1,18639,21.7,5.89,1,1
HH005,Oct-2024,122082,92789,1,2,0,2,1,16691,19.7,5.94,1,1
HH005,Nov-2024,125014,82548,1,3,0,2,1,16934,18.8,5.69,1,1
HH005,Dec-2024,122727,85218,1,2,0,2,1,17464,21.2,5.73,1,1
HH005,Jan-2025,121395,73261,1,1,0,2,1,18544,24.0,6.09,1,1
HH005,Feb-2025,121292,83081,0,0,0,2,1,18937,21.0,6.09,1,1
HH005,Mar-2025,126251,75548,0,0,0,2,1,19151,18.9,6.08,1,1
HH005,Apr-2025,125506,78376,0,1,0,2,1,17367,18.9,6.0,1,1
HH005,May-2025,125920,74383,0,0,0,2,1,18614,16.0,6.07,1,1
HH005,Jun-2025,127997,79063,0,2,0,2,1,15181,17.2,5.99,1,1
HH005,Jul-2025,120254,72741,0,0,0,2,1,18609,19.5,6.42,1,1
HH005,Aug-2025,125109,87933,1,3,0,2,1,18572,18.8,6.14,1,1
HH005,Sep-2025,129846,82537,0,0,0,2,1,19725,14.1,6.07,1,1
HH005,Oct-2025,130702,94467,1,4,0,2,1,17966,14.0,6.05,1,1
HH005,Nov-2025,133086,95841,1,4,0,2,1,17703,21.9,6.01,1,1
HH005,Dec-2025,128664,91384,1,3,0,2,1,17637,16.3,6.16,1,1
HH006,Jan-2021,62378,70271,1,5,0,3,1,10718,14.4,4.66,3,2
HH006,Feb-2021,69118,59631,0,2,0,3,1,10560,12.0,5.04,3,2
HH006,Mar-2021,63748,68787,0,3,0,3,1,10108,15.2,4.91,3,2
HH006,Apr-2021,62297,51628,0,1,0,3,1,8435,17.3,4.64,3,2
HH006,May-2021,65385,69014,0,2,0,3,1,12833,13.3,4.64,3,2
HH006,Jun-2021,67488,54829,0,2,0,3,1,11804,14.3,4.89,3,2
HH006,Jul-2021,70640,61380,0,2,0,3,1,11526,16.0,4.81,3,2
HH006,Aug-2021,72055,68193,1,2,0,3,1,14093,19.2,5.2,3,2
HH006,Sep-2021,70300,57233,0,2,0,3,1,10691,13.9,4.97,3,2
HH006,Oct-2021,74265,67301,1,2,0,3,1,11925,14.4,4.87,3,2
HH006,Nov-2021,72443,105207,1,4,1,3,1,11286,16.3,5.18,3,2
HH006,Dec-2021,75098,71748,1,1,0,3,1,12557,16.4,4.75,3,2
HH006,Jan-2022,74000,56526,1,2,0,3,1,11615,18.1,5.04,3,2
HH006,Feb-2022,73259,52282,0,1,0,3,1,12577,14.2,5.2,3,2
HH006,Mar-2022,76623,51331,0,1,0,3,1,13666,14.5,5.24,3,2
HH006,Apr-2022,77270,56678,0,2,0,3,1,13273,18.0,5.2,3,2
HH006,May-2022,76075,46003,0,0,0,3,1,11153,19.8,5.5,3,2
HH006,Jun-2022,81905,63743,0,2,0,3,1,14696,10.5,5.3,3,2
HH006,Jul-2022,75853,59394,0,0,0,3,1,12695,16.0,5.2,3,2
HH006,Aug-2022,79597,86826,1,3,0,3,1,12837,15.4,5.45,3,2
HH006,Sep-2022,78622,67270,0,1,0,3,1,13235,10.7,5.23,3,2
HH006,Oct-2022,79317,78491,1,3,0,3,1,13931,14.9,5.32,3,2
HH006,Nov-2022,74278,81793,1,1,0,3,1,11683,14.9,5.37,3,2
HH006,Dec-2022,80804,81253,1,2,0,3,1,14875,17.3,5.29,3,2
HH006,Jan-2023,83053,75352,1,1,0,3,1,15037,12.2,5.13,3,2
HH006,Feb-2023,79934,71024,0,2,0,3,1,12055,12.6,5.4,3,2
HH006,Mar-2023,83579,60498,0,1,0,3,1,15042,14.3,5.23,3,2
HH006,Apr-2023,86777,51889,0,0,0,3,1,13607,15.5,5.44,3,2
HH006,May-2023,85637,69973,0,1,0,3,1,13663,15.9,5.7,3,2
HH006,Jun-2023,82648,54801,0,1,0,3,1,12741,13.4,5.26,3,2
HH006,Jul-2023,85610,70017,0,1,0,3,1,13959,12.8,5.47,3,2
HH006,Aug-2023,81661,85521,1,4,0,3,1,12703,15.7,5.27,3,2
HH006,Sep-2023,86729,73829,0,1,0,3,1,15639,15.6,5.43,3,2
HH006,Oct-2023,90727,71030,1,3,0,3,1,15071,18.7,5.52,3,2
HH006,Nov-2023,84010,79530,1,1,0,3,1,16875,18.7,5.86,3,2
HH006,Dec-2023,86304,121557,1,2,1,3,1,15155,17.2,5.44,3,2
HH006,Jan-2024,93447,76162,1,1,0,3,1,13116,14.6,5.74,3,2
HH006,Feb-2024,89092,63029,0,1,0,3,1,14121,8.2,5.68,3,2
HH006,Mar-2024,90200,69143,0,1,0,3,1,15783,16.7,5.82,3,2
HH006,Apr-2024,89360,78932,0,3,0,3,1,17967,16.3,5.91,3,2
HH006,May-2024,94434,75842,0,0,0,3,1,15930,13.8,5.98,3,2
HH006,Jun-2024,97155,68854,0,0,0,3,1,16056,14.5,5.59,3,2
HH006,Jul-2024,98259,77952,0,2,0,3,1,17396,15.8,5.88,3,2
HH006,Aug-2024,94496,80233,1,1,0,3,1,15783,15.0,5.7,3,2
HH006,Sep-2024,99881,83450,0,0,0,3,1,17145,12.5,5.86,3,2
HH006,Oct-2024,95969,82104,1,5,0,3,1,17544,18.2,5.96,3,2
HH006,Nov-2024,98845,99926,1,4,0,3,1,17961,12.4,5.83,3,2
HH006,Dec-2024,99407,81160,1,2,0,3,1,18475,17.3,5.91,3,2
HH006,Jan-2025,96818,97547,1,2,0,3,1,16744,15.8,6.0,3,2
HH006,Feb-2025,102212,62313,0,1,0,3,1,17030,13.5,6.22,3,2
HH006,Mar-2025,101936,72202,0,3,0,3,1,17447,7.0,5.85,3,2
HH006,Apr-2025,98147,78685,0,0,0,3,1,14699,18.7,6.2,3,2
HH006,May-2025,104863,69662,0,1,0,3,1,17593,13.1,6.15,3,2
HH006,Jun-2025,100484,79380,0,0,0,3,1,16648,12.2,6.13,3,2
HH006,Jul-2025,102631,75184,0,1,0,3,1,17241,12.9,5.96,3,2
HH006,Aug-2025,100658,91660,1,2,0,3,1,15970,13.2,5.69,3,2
HH006,Sep-2025,103420,83867,0,2,0,3,1,16890,12.1,6.27,3,2
HH006,Oct-2025,104699,88828,1,1,0,3,1,18067,17.0,6.13,3,2
HH006,Nov-2025,109353,96263,1,2,0,3,1,19238,13.4,6.2,3,2
HH006,Dec-2025,106893,87411,1,2,0,3,1,18230,15.9,6.36,3,2
HH007,Jan-2021,81110,75269,1,2,0,4,2,15159,15.2,4.82,2,2
HH007,Feb-2021,82393,66366,0,1,0,4,2,13844,14.2,4.72,2,2
HH007,Mar-2021,84462,73362,0,1,0,4,2,14850,13.9,4.56,2,2
HH007,Apr-2021,84737,68915,0,0,0,4,2,16047,10.9,4.85,2,2
HH007,May-2021,83449,66291,0,1,0,4,2,15643,13.2,4.99,2,2
HH007,Jun-2021,82875,65746,0,0,0,4,2,14293,13.0,4.93,2,2
HH007,Jul-2021,85004,73902,0,2,0,4,2,15352,11.0,5.1,2,2
HH007,Aug-2021,88625,92820,1,5,0,4,2,16423,7.8,5.01,2,2
HH007,Sep-2021,91346,71734,0,0,0,4,2,17881,12.9,4.91,2,2
HH007,Oct-2021,95666,84443,1,2,0,4,2,17471,15.2,5.13,2,2
HH007,Nov-2021,86251,79121,1,1,0,4,2,16762,15.7,4.96,2,2
HH007,Dec-2021,86310,84050,1,2,0,4,2,14878,16.2,4.93,2,2
HH007,Jan-2022,85962,84242,1,3,0,4,2,17790,15.6,5.24,2,2
HH007,Feb-2022,92106,71955,0,3,0,4,2,18038,9.8,4.98,2,2
HH007,Mar-2022,86409,61366,0,1,0,4,2,15963,19.2,5.36,2,2
HH007,Apr-2022,92467,66487,0,2,0,4,2,16775,17.4,5.06,2,2
HH007,May-2022,89315,77957,0,0,0,4,2,17086,18.2,4.96,2,2
HH007,Jun-2022,88823,75124,0,2,0,4,2,15293,15.3,5.32,2,2
HH007,Jul-2022,91098,61374,0,1,0,4,2,14444,13.3,5.36,2,2
HH007,Aug-2022,89937,83011,1,2,0,4,2,17037,13.4,5.14,2,2
HH007,Sep-2022,92980,70763,0,1,0,4,2,18274,18.0,5.01,2,2
HH007,Oct-2022,90171,115297,1,1,1,4,2,19124,18.0,5.29,2,2
HH007,Nov-2022,96588,106772,1,2,0,4,2,19124,18.4,5.31,2,2
HH007,Dec-2022,89041,94795,1,3,0,4,2,15274,18.1,5.39,2,2
HH007,Jan-2023,95423,96249,1,2,0,4,2,19182,14.5,5.48,2,2
HH007,Feb-2023,101250,77496,0,0,0,4,2,20343,12.9,5.46,2,2
HH007,Mar-2023,100404,84612,0,3,0,4,2,18818,15.0,5.39,2,2
HH007,Apr-2023,98426,71857,0,1,0,4,2,20310,13.8,5.25,2,2
HH007,May-2023,89319,76193,0,4,0,4,2,17353,14.1,5.23,2,2
HH007,Jun-2023,94330,74927,0,3,0,4,2,19100,10.7,5.53,2,2
HH007,Jul-2023,101089,83158,0,1,0,4,2,16412,13.0,5.46,2,2
HH007,Aug-2023,99534,106323,1,3,0,4,2,17510,10.0,5.71,2,2
HH007,Sep-2023,92535,70937,0,1,0,4,2,15836,16.1,5.44,2,2
HH007,Oct-2023,93649,98636,1,4,0,4,2,17083,18.3,5.65,2,2
HH007,Nov-2023,95019,91965,1,3,0,4,2,17631,13.2,5.3,2,2
HH007,Dec-2023,100246,94421,1,3,0,4,2,18976,16.8,5.99,2,2
HH007,Jan-2024,100102,106322,1,3,0,4,2,22121,13.4,5.85,2,2
HH007,Feb-2024,99699,89937,0,2,0,4,2,20552,9.9,5.59,2,2
HH007,Mar-2024,103563,94549,0,1,0,4,2,20093,11.7,5.74,2,2
HH007,Apr-2024,103952,108604,0,1,1,4,2,18888,17.6,5.67,2,2
HH007,May-2024,98501,69520,0,2,0,4,2,18269,16.3,5.78,2,2
HH007,Jun-2024,109617,101893,0,0,0,4,2,22724,17.5,5.88,2,2
HH007,Jul-2024,100126,71957,0,1,0,4,2,16258,14.3,5.79,2,2
HH007,Aug-2024,103683,83397,1,2,0,4,2,18474,18.6,6.07,2,2
HH007,Sep-2024,108278,101268,0,1,0,4,2,20953,14.0,5.88,2,2
HH007,Oct-2024,99042,88940,1,2,0,4,2,17786,10.5,5.65,2,2
HH007,Nov-2024,98705,104429,1,2,0,4,2,18968,16.6,5.69,2,2
HH007,Dec-2024,100411,95325,1,2,0,4,2,20139,13.1,6.04,2,2
HH007,Jan-2025,100363,98837,1,2,0,4,2,19274,15.4,6.2,2,2
HH007,Feb-2025,102691,114131,0,0,1,4,2,20999,7.7,6.0,2,2
HH007,Mar-2025,103536,84855,0,1,0,4,2,19861,12.4,5.85,2,2
HH007,Apr-2025,104322,95403,0,2,0,4,2,20935,14.4,6.05,2,2
HH007,May-2025,110047,86492,0,1,0,4,2,21455,15.9,6.16,2,2
HH007,Jun-2025,104452,94805,0,1,0,4,2,19229,14.5,6.15,2,2
HH007,Jul-2025,102001,87083,0,2,0,4,2,18148,14.1,6.2,2,2
HH007,Aug-2025,109538,110026,1,2,0,4,2,21725,15.1,6.03,2,2
HH007,Sep-2025,103021,94734,0,0,0,4,2,19505,14.3,6.2,2,2
HH007,Oct-2025,107749,101957,1,3,0,4,2,19081,15.4,6.09,2,2
HH007,Nov-2025,105095,101436,1,3,0,4,2,19042,10.5,6.2,2,2
HH007,Dec-2025,108088,105296,1,2,0,4,2,21949,17.7,5.9,2,2
HH008,Jan-2021,107427,90147,1,5,0,4,2,15171,13.0,4.98,1,2
HH008,Feb-2021,109486,74439,0,2,0,4,2,17242,13.3,4.65,1,2
HH008,Mar-2021,105838,67642,0,0,0,4,2,15052,18.3,4.96,1,2
HH008,Apr-2021,110870,79573,0,2,0,4,2,15602,12.6,5.01,1,2
HH008,May-2021,119641,68553,0,0,0,4,2,16067,8.1,4.96,1,2
HH008,Jun-2021,105549,67236,0,3,0,4,2,14805,11.3,4.98,1,2
HH008,Jul-2021,114779,74125,0,0,0,4,2,15824,10.1,4.95,1,2
HH008,Aug-2021,109415,83608,1,1,0,4,2,14850,11.9,5.29,1,2
HH008,Sep-2021,113822,72749,0,1,0,4,2,17194,16.6,4.99,1,2
HH008,Oct-2021,114423,95698,1,3,0,4,2,16752,11.1,5.19,1,2
HH008,Nov-2021,120366,107685,1,1,1,4,2,18641,17.0,5.14,1,2
HH008,Dec-2021,115574,97723,1,5,0,4,2,16390,7.0,5.15,1,2
HH008,Jan-2022,121000,82135,1,1,0,4,2,16960,10.8,5.06,1,2
HH008,Feb-2022,111162,73703,0,2,0,4,2,15393,19.6,4.89,1,2
HH008,Mar-2022,120180,72643,0,2,0,4,2,17981,10.9,5.03,1,2
HH008,Apr-2022,121753,79872,0,2,0,4,2,18186,12.1,4.98,1,2
HH008,May-2022,126826,91586,0,4,0,4,2,19818,12.6,5.07,1,2
HH008,Jun-2022,124200,74853,0,1,0,4,2,18078,12.9,5.38,1,2
HH008,Jul-2022,123586,60296,0,1,0,4,2,17915,11.0,5.35,1,2
HH008,Aug-2022,130196,97336,1,2,0,4,2,19482,15.8,5.35,1,2
HH008,Sep-2022,120747,76269,0,1,0,4,2,18383,12.1,5.24,1,2
HH008,Oct-2022,123565,96309,1,1,0,4,2,16021,10.8,5.31,1,2
HH008,Nov-2022,123190,98143,1,3,0,4,2,17942,10.1,5.41,1,2
HH008,Dec-2022,121721,90700,1,1,0,4,2,16514,11.5,4.95,1,2
HH008,Jan-2023,135190,97742,1,2,0,4,2,19639,15.3,5.24,1,2
HH008,Feb-2023,130099,80730,0,1,0,4,2,19822,9.3,5.39,1,2
HH008,Mar-2023,122215,91435,0,2,0,4,2,16502,9.0,5.38,1,2
HH008,Apr-2023,130410,91807,0,3,0,4,2,18301,12.7,5.48,1,2
HH008,May-2023,124173,75899,0,1,0,4,2,16820,12.1,5.23,1,2
HH008,Jun-2023,135182,81289,0,1,0,4,2,19647,12.5,5.56,1,2
HH008,Jul-2023,131224,74687,0,1,0,4,2,17866,15.6,5.45,1,2
HH008,Aug-2023,131961,102835,1,3,0,4,2,18814,10.1,5.78,1,2
HH008,Sep-2023,132869,92832,0,0,0,4,2,20966,12.6,5.67,1,2
HH008,Oct-2023,132034,81225,1,2,0,4,2,17422,9.8,5.5,1,2
HH008,Nov-2023,138408,89829,1,2,0,4,2,18674,11.8,5.67,1,2
HH008,Dec-2023,138216,98165,1,3,0,4,2,19669,12.7,5.47,1,2
HH008,Jan-2024,129952,90281,1,1,0,4,2,17983,12.2,5.57,1,2
HH008,Feb-2024,133357,96543,0,3,0,4,2,17962,11.4,5.73,1,2
HH008,Mar-2024,133059,80287,0,0,0,4,2,18531,14.5,5.91,1,2
HH008,Apr-2024,138048,83794,0,0,0,4,2,19896,14.8,5.55,1,2
HH008,May-2024,142143,91119,0,2,0,4,2,18965,19.0,5.84,1,2
HH008,Jun-2024,143223,89337,0,3,0,4,2,22072,14.4,5.97,1,2
HH008,Jul-2024,136049,84116,0,0,0,4,2,19048,13.1,5.99,1,2
HH008,Aug-2024,142999,93674,1,2,0,4,2,18851,18.3,5.8,1,2
HH008,Sep-2024,142617,93555,0,2,0,4,2,19982,8.7,5.87,1,2
HH008,Oct-2024,145250,116194,1,3,0,4,2,20718,13.6,6.16,1,2
HH008,Nov-2024,144643,104443,1,4,0,4,2,21018,11.5,5.81,1,2
HH008,Dec-2024,141591,104305,1,2,0,4,2,19113,13.1,6.03,1,2
HH008,Jan-2025,148281,105962,1,3,0,4,2,22599,12.3,5.89,1,2
HH008,Feb-2025,150806,94516,0,1,0,4,2,20737,17.1,5.77,1,2
HH008,Mar-2025,142956,95640,0,1,0,4,2,19213,13.7,6.24,1,2
HH008,Apr-2025,158612,110640,0,2,0,4,2,22663,11.7,5.97,1,2
HH008,May-2025,140682,85287,0,2,0,4,2,18622,12.1,6.1,1,2
HH008,Jun-2025,150703,102481,0,1,0,4,2,20745,10.9,6.11,1,2
HH008,Jul-2025,155705,104275,0,2,0,4,2,23151,6.7,5.97,1,2
HH008,Aug-2025,144597,116029,1,3,1,4,2,21237,12.2,6.0,1,2
HH008,Sep-2025,146642,108917,0,2,1,4,2,21568,15.9,6.14,1,2
HH008,Oct-2025,159677,116439,1,3,0,4,2,25020,14.0,5.91,1,2
HH008,Nov-2025,153880,123844,1,4,0,4,2,23364,12.4,6.12,1,2
HH008,Dec-2025,156008,114299,1,2,0,4,2,22306,15.0,5.8,1,2
HH009,Jan-2021,139113,131258,1,3,0,5,3,24462,12.2,4.79,2,2
HH009,Feb-2021,134082,106175,0,3,0,5,3,23207,16.6,4.97,2,2
HH009,Mar-2021,135653,105564,0,1,0,5,3,24308,16.8,4.91,2,2
HH009,Apr-2021,131920,99710,0,2,0,5,3,25918,14.6,4.79,2,2
HH009,May-2021,137947,101183,0,0,0,5,3,26405,20.9,4.81,2,2
HH009,Jun-2021,145424,100299,0,4,0,5,3,27750,17.0,4.93,2,2
HH009,Jul-2021,140979,99436,0,2,0,5,3,27218,19.7,4.83,2,2
HH009,Aug-2021,131132,106977,1,3,0,5,3,24644,20.0,4.76,2,2
HH009,Sep-2021,138194,108277,0,2,0,5,3,27308,12.9,4.86,2,2
HH009,Oct-2021,134265,132555,1,4,0,5,3,23901,14.2,5.04,2,2
HH009,Nov-2021,140643,134767,1,3,0,5,3,26211,16.0,4.74,2,2
HH009,Dec-2021,143903,122502,1,2,0,5,3,25040,11.2,4.97,2,2
HH009,Jan-2022,146410,123830,1,2,0,5,3,27240,13.1,5.2,2,2
HH009,Feb-2022,136003,109698,0,2,0,5,3,27044,14.9,5.12,2,2
HH009,Mar-2022,143645,111101,0,2,0,5,3,26715,14.3,5.24,2,2
HH009,Apr-2022,149610,114679,0,2,0,5,3,27260,18.9,5.25,2,2
HH009,May-2022,140923,100674,0,0,0,5,3,26892,20.0,5.18,2,2
HH009,Jun-2022,146914,112478,0,1,0,5,3,24898,20.1,5.18,2,2
HH009,Jul-2022,141079,99730,0,1,0,5,3,27713,13.9,4.99,2,2
HH009,Aug-2022,149528,125585,1,2,0,5,3,29664,17.5,5.5,2,2
HH009,Sep-2022,142848,109786,0,1,0,5,3,27469,11.7,5.36,2,2
HH009,Oct-2022,147978,120364,1,2,0,5,3,27893,16.2,4.99,2,2
HH009,Nov-2022,154829,126517,1,2,0,5,3,29081,18.4,5.3,2,2
HH009,Dec-2022,140183,124592,1,2,0,5,3,26505,16.0,5.24,2,2
HH009,Jan-2023,148747,114725,1,2,0,5,3,27565,15.8,5.16,2,2
HH009,Feb-2023,146853,110685,0,0,0,5,3,26241,16.0,5.36,2,2
HH009,Mar-2023,148998,102802,0,1,0,5,3,28281,17.6,5.04,2,2
HH009,Apr-2023,157017,117927,0,2,0,5,3,31340,19.9,5.41,2,2
HH009,May-2023,149143,121932,0,0,0,5,3,26248,20.3,5.72,2,2
HH009,Jun-2023,153394,113919,0,4,0,5,3,27950,14.8,5.75,2,2
HH009,Jul-2023,153740,99777,0,3,0,5,3,30048,19.2,5.38,2,2
HH009,Aug-2023,146731,131410,1,3,0,5,3,29620,16.9,5.56,2,2
HH009,Sep-2023,148816,136838,0,2,1,5,3,27980,15.3,5.75,2,2
HH009,Oct-2023,142543,137802,1,4,0,5,3,26785,18.9,5.36,2,2
HH009,Nov-2023,151772,131657,1,2,0,5,3,27413,20.2,5.62,2,2
HH009,Dec-2023,160412,150952,1,5,0,5,3,31142,17.7,5.56,2,2
HH009,Jan-2024,163600,140377,1,2,0,5,3,32549,12.3,5.52,2,2
HH009,Feb-2024,149751,105884,0,1,0,5,3,29267,16.8,5.7,2,2
HH009,Mar-2024,154663,124128,0,4,0,5,3,28777,18.9,5.6,2,2
HH009,Apr-2024,151945,120444,0,4,0,5,3,27468,17.7,5.56,2,2
HH009,May-2024,156982,112951,0,1,0,5,3,30065,16.1,5.8,2,2
HH009,Jun-2024,152334,118644,0,4,0,5,3,29807,16.1,5.81,2,2
HH009,Jul-2024,156079,120540,0,1,0,5,3,30582,18.9,5.66,2,2
HH009,Aug-2024,159043,131622,1,2,1,5,3,28984,18.7,5.99,2,2
HH009,Sep-2024,158703,112961,0,1,0,5,3,28908,17.3,5.98,2,2
HH009,Oct-2024,158429,127593,1,2,0,5,3,27734,18.5,5.98,2,2
HH009,Nov-2024,161128,140379,1,3,0,5,3,30029,16.1,5.8,2,2
HH009,Dec-2024,161953,131341,1,2,0,5,3,30605,15.7,6.07,2,2
HH009,Jan-2025,167647,135058,1,1,0,5,3,30328,17.4,6.04,2,2
HH009,Feb-2025,158425,124141,0,0,0,5,3,29939,15.4,6.16,2,2
HH009,Mar-2025,155914,124687,0,0,0,5,3,29710,19.3,6.05,2,2
HH009,Apr-2025,160703,117710,0,1,0,5,3,27630,19.9,6.23,2,2
HH009,May-2025,157772,122830,0,2,0,5,3,29289,16.1,6.35,2,2
HH009,Jun-2025,156282,113473,0,4,0,5,3,27495,22.3,5.96,2,2
HH009,Jul-2025,163647,119853,0,0,0,5,3,32303,16.3,6.09,2,2
HH009,Aug-2025,153196,132669,1,3,0,5,3,28109,14.9,5.91,2,2
HH009,Sep-2025,164373,118643,0,1,0,5,3,29989,18.2,6.12,2,2
HH009,Oct-2025,168182,140531,1,5,0,5,3,30679,18.1,6.13,2,2
HH009,Nov-2025,171281,135095,1,1,0,5,3,30572,17.9,6.36,2,2
HH009,Dec-2025,154415,120544,1,1,0,5,3,30366,15.2,6.44,2,2
HH010,Jan-2021,161626,131157,1,2,0,5,2,31800,22.1,4.71,1,2
HH010,Feb-2021,160809,119498,0,2,0,5,2,31141,13.5,5.06,1,2
HH010,Mar-2021,151455,109743,0,1,0,5,2,28207,17.6,4.8,1,2
HH010,Apr-2021,169101,118038,0,3,0,5,2,29660,12.6,4.98,1,2
HH010,May-2021,159370,109158,0,2,0,5,2,29731,20.2,4.87,1,2
HH010,Jun-2021,162256,116518,0,3,0,5,2,30968,20.1,4.86,1,2
HH010,Jul-2021,153363,139220,0,4,1,5,2,29269,21.6,5.12,1,2
HH010,Aug-2021,170766,127475,1,1,0,5,2,32119,21.3,4.8,1,2
HH010,Sep-2021,157043,110259,0,0,0,5,2,31501,18.8,5.27,1,2
HH010,Oct-2021,170682,147877,1,2,0,5,2,31873,17.8,4.99,1,2
HH010,Nov-2021,170963,140882,1,2,0,5,2,32898,20.3,4.95,1,2
HH010,Dec-2021,174915,139824,1,2,0,5,2,35418,16.0,5.11,1,2
HH010,Jan-2022,174348,142369,1,2,0,5,2,34037,20.2,4.92,1,2
HH010,Feb-2022,157138,106674,0,1,0,5,2,30704,18.6,4.95,1,2
HH010,Mar-2022,168547,116402,0,2,0,5,2,31645,19.2,5.24,1,2
HH010,Apr-2022,170332,122079,0,0,0,5,2,33095,16.6,5.11,1,2
HH010,May-2022,159417,104919,0,3,0,5,2,30536,19.1,5.5,1,2
HH010,Jun-2022,175716,131835,0,2,0,5,2,35898,16.6,5.2,1,2
HH010,Jul-2022,165676,122097,0,3,0,5,2,29553,16.4,5.2,1,2
HH010,Aug-2022,173114,147576,1,4,0,5,2,34174,15.6,5.33,1,2
HH010,Sep-2022,169371,116940,0,1,0,5,2,31796,16.2,5.26,1,2
HH010,Oct-2022,181330,149895,1,3,0,5,2,35230,17.2,5.24,1,2
HH010,Nov-2022,166949,144143,1,3,0,5,2,32057,16.3,5.51,1,2
HH010,Dec-2022,170466,134864,1,5,0,5,2,32165,16.3,5.16,1,2
HH010,Jan-2023,171707,133410,1,2,0,5,2,31711,16.9,5.57,1,2
HH010,Feb-2023,162781,120286,0,2,0,5,2,31248,16.1,5.55,1,2
HH010,Mar-2023,179305,116495,0,1,0,5,2,33769,17.1,5.48,1,2
HH010,Apr-2023,186346,146908,0,0,1,5,2,34808,18.2,5.43,1,2
HH010,May-2023,170165,118231,0,1,0,5,2,32771,18.9,5.58,1,2
HH010,Jun-2023,177226,127202,0,0,0,5,2,33332,13.4,5.55,1,2
HH010,Jul-2023,167951,125310,0,0,0,5,2,32596,20.7,5.27,1,2
HH010,Aug-2023,186270,141740,1,2,0,5,2,34692,15.0,5.33,1,2
HH010,Sep-2023,176071,128879,0,0,0,5,2,33284,18.7,5.36,1,2
HH010,Oct-2023,179073,149195,1,4,0,5,2,33595,19.9,5.31,1,2
HH010,Nov-2023,169751,122919,1,2,0,5,2,30145,15.6,5.72,1,2
HH010,Dec-2023,169785,142125,1,4,0,5,2,32979,17.2,5.84,1,2
HH010,Jan-2024,188083,151263,1,2,0,5,2,35666,16.6,5.76,1,2
HH010,Feb-2024,183808,132757,0,1,0,5,2,34592,18.4,5.64,1,2
HH010,Mar-2024,172657,150735,0,2,1,5,2,34613,15.6,5.73,1,2
HH010,Apr-2024,174275,134899,0,5,0,5,2,32180,14.2,5.73,1,2
HH010,May-2024,180436,131844,0,0,0,5,2,34076,15.0,5.61,1,2
HH010,Jun-2024,176330,138363,0,4,0,5,2,33649,20.3,5.91,1,2
HH010,Jul-2024,180759,124306,0,2,0,5,2,32708,20.3,5.61,1,2
HH010,Aug-2024,171363,134100,1,1,0,5,2,31350,17.8,5.72,1,2
HH010,Sep-2024,192931,136818,0,3,0,5,2,38787,18.5,5.94,1,2
HH010,Oct-2024,192253,153211,1,1,0,5,2,37340,18.7,5.93,1,2
HH010,Nov-2024,182640,159472,1,2,0,5,2,36881,16.5,6.0,1,2
HH010,Dec-2024,185089,134691,1,2,0,5,2,34054,23.6,5.96,1,2
HH010,Jan-2025,181579,132257,1,3,0,5,2,33864,13.9,5.92,1,2
HH010,Feb-2025,175727,131224,0,1,0,5,2,32909,25.7,5.97,1,2
HH010,Mar-2025,193148,137722,0,2,0,5,2,38244,19.7,6.11,1,2
HH010,Apr-2025,184617,121648,0,0,0,5,2,33513,14.1,5.92,1,2
HH010,May-2025,194252,135852,0,2,0,5,2,38375,18.2,5.89,1,2
HH010,Jun-2025,196546,123415,0,0,0,5,2,38949,17.8,6.0,1,2
HH010,Jul-2025,185696,134610,0,0,0,5,2,36308,19.7,6.11,1,2
HH010,Aug-2025,185422,148015,1,5,0,5,2,36419,18.7,6.18,1,2
HH010,Sep-2025,188256,139326,0,0,0,5,2,36307,16.2,6.23,1,2
HH010,Oct-2025,190277,158646,1,3,0,5,2,37076,17.5,6.28,1,2
HH010,Nov-2025,197202,157782,1,4,0,5,2,35995,16.0,6.01,1,2
HH010,Dec-2025,185768,149261,1,1,0,5,2,37315,16.8,6.37,1,2
HH011,Jan-2021,97591,133071,1,3,0,5,2,25726,10.4,4.77,3,3
HH011,Feb-2021,102106,101112,0,1,0,5,2,26718,10.4,5.1,3,3
HH011,Mar-2021,98818,90373,0,1,0,5,2,25090,8.3,4.73,3,3
HH011,Apr-2021,93385,101808,0,0,0,5,2,27065,8.1,4.89,3,3
HH011,May-2021,95880,95219,0,1,0,5,2,24461,9.3,4.77,3,3
HH011,Jun-2021,101536,91141,0,0,0,5,2,26671,6.6,4.95,3,3
HH011,Jul-2021,100709,102059,0,3,0,5,2,25964,9.7,4.85,3,3
HH011,Aug-2021,105494,148554,1,1,1,5,2,27279,11.1,5.08,3,3
HH011,Sep-2021,99244,101591,0,0,0,5,2,27814,8.0,4.64,3,3
HH011,Oct-2021,104604,117222,1,1,0,5,2,28162,7.4,5.04,3,3
HH011,Nov-2021,104866,123055,1,2,0,5,2,27270,9.5,4.95,3,3
HH011,Dec-2021,101079,121330,1,4,0,5,2,25514,10.5,4.93,3,3
HH011,Jan-2022,98246,118290,1,1,0,5,2,24441,10.8,5.04,3,3
HH011,Feb-2022,102710,111507,0,2,0,5,2,26529,9.0,5.2,3,3
HH011,Mar-2022,105865,111146,0,0,0,5,2,29213,6.5,5.38,3,3
HH011,Apr-2022,105381,105180,0,2,0,5,2,28093,8.7,4.85,3,3
HH011,May-2022,107167,112163,0,0,0,5,2,28541,13.1,5.13,3,3
HH011,Jun-2022,109263,115936,0,0,0,5,2,27804,10.0,5.17,3,3
HH011,Jul-2022,108734,113870,0,0,0,5,2,28425,14.0,5.37,3,3
HH011,Aug-2022,102252,129020,1,2,0,5,2,28743,11.5,5.47,3,3
HH011,Sep-2022,119970,118134,0,1,0,5,2,31547,11.4,5.28,3,3
HH011,Oct-2022,113699,134856,1,4,0,5,2,29461,13.9,5.29,3,3
HH011,Nov-2022,115344,140451,1,5,0,5,2,27644,11.5,5.18,3,3
HH011,Dec-2022,109687,144513,1,4,0,5,2,29633,11.6,5.43,3,3
HH011,Jan-2023,112522,131276,1,3,0,5,2,29490,7.7,5.18,3,3
HH011,Feb-2023,119486,118972,0,1,0,5,2,29755,8.2,5.55,3,3
HH011,Mar-2023,108727,102981,0,2,0,5,2,27929,7.4,5.08,3,3
HH011,Apr-2023,110083,104953,0,1,0,5,2,27517,11.9,5.4,3,3
HH011,May-2023,111325,105720,0,0,0,5,2,29014,2.0,5.56,3,3
HH011,Jun-2023,118600,119256,0,2,0,5,2,31041,7.2,5.44,3,3
HH011,Jul-2023,119945,107266,0,1,0,5,2,32405,11.4,5.66,3,3
HH011,Aug-2023,116521,125084,1,4,0,5,2,31211,7.0,5.59,3,3
HH011,Sep-2023,113486,98478,0,1,0,5,2,29028,11.0,5.42,3,3
HH011,Oct-2023,115975,122642,1,1,0,5,2,29036,10.0,5.63,3,3
HH011,Nov-2023,117138,132441,1,2,0,5,2,30355,7.1,5.68,3,3
HH011,Dec-2023,123723,135274,1,1,0,5,2,30896,8.5,5.55,3,3
HH011,Jan-2024,121993,136718,1,3,0,5,2,33181,11.3,5.54,3,3
HH011,Feb-2024,122533,117864,0,2,0,5,2,31817,7.5,5.6,3,3
HH011,Mar-2024,125031,116039,0,0,0,5,2,33591,6.9,5.77,3,3
HH011,Apr-2024,122222,112677,0,2,0,5,2,28855,15.2,5.73,3,3
HH011,May-2024,122888,119577,0,0,1,5,2,31534,11.9,5.83,3,3
HH011,Jun-2024,123820,119446,0,4,0,5,2,32413,6.2,5.81,3,3
HH011,Jul-2024,128894,111823,0,0,0,5,2,31231,9.6,5.86,3,3
HH011,Aug-2024,129572,150111,1,2,0,5,2,33686,9.7,5.7,3,3
HH011,Sep-2024,126373,104398,0,1,0,5,2,32647,7.8,5.78,3,3
HH011,Oct-2024,129014,144684,1,4,0,5,2,31325,11.3,5.79,3,3
HH011,Nov-2024,133433,144425,1,3,0,5,2,33981,10.0,5.69,3,3
HH011,Dec-2024,130356,154070,1,5,0,5,2,34903,8.4,5.85,3,3
HH011,Jan-2025,129208,144192,1,4,0,5,2,32542,12.8,5.91,3,3
HH011,Feb-2025,126407,125073,0,2,0,5,2,31753,6.3,5.7,3,3
HH011,Mar-2025,130976,121222,0,0,0,5,2,34176,14.0,5.88,3,3
HH011,Apr-2025,133270,135758,0,0,0,5,2,35401,8.5,6.16,3,3
HH011,May-2025,128170,112070,0,0,0,5,2,31867,13.3,6.07,3,3
HH011,Jun-2025,136356,141640,0,3,0,5,2,36398,10.2,6.16,3,3
HH011,Jul-2025,136609,144415,0,1,0,5,2,36095,14.0,6.17,3,3
HH011,Aug-2025,133065,160654,1,4,0,5,2,38027,13.0,6.08,3,3
HH011,Sep-2025,139936,147185,0,5,0,5,2,35144,11.6,6.1,3,3
HH011,Oct-2025,135264,148415,1,4,0,5,2,33850,9.3,6.04,3,3
HH011,Nov-2025,136176,152065,1,1,0,5,2,36429,10.4,6.02,3,3
HH011,Dec-2025,139830,161720,1,3,0,5,2,35126,10.6,6.39,3,3
HH012,Jan-2021,132441,138379,1,4,0,6,3,33177,18.7,5.1,2,3
HH012,Feb-2021,125600,103267,0,1,0,6,3,29013,13.4,4.61,2,3
HH012,Mar-2021,132797,120744,0,4,0,6,3,31165,11.7,4.61,2,3
HH012,Apr-2021,137455,110068,0,3,0,6,3,32540,11.4,5.01,2,3
HH012,May-2021,132934,102855,0,1,0,6,3,30487,10.2,4.88,2,3
HH012,Jun-2021,132145,107924,0,0,0,6,3,28364,17.1,5.15,2,3
HH012,Jul-2021,136380,97693,0,1,0,6,3,30073,15.4,4.66,2,3
HH012,Aug-2021,136490,138696,1,1,0,6,3,30968,13.9,4.98,2,3
HH012,Sep-2021,127924,116884,0,2,0,6,3,29660,14.9,4.8,2,3
HH012,Oct-2021,141005,151142,1,5,0,6,3,32924,14.7,5.12,2,3
HH012,Nov-2021,145512,138138,1,2,0,6,3,30487,10.8,4.88,2,3
HH012,Dec-2021,138129,131605,1,3,0,6,3,33098,14.2,5.11,2,3
HH012,Jan-2022,135614,136966,1,1,0,6,3,32065,12.8,5.05,2,3
HH012,Feb-2022,139151,118679,0,3,0,6,3,33256,16.2,4.92,2,3
HH012,Mar-2022,139020,107083,0,3,0,6,3,31966,13.1,5.29,2,3
HH012,Apr-2022,145672,120405,0,1,0,6,3,34190,14.2,5.14,2,3
HH012,May-2022,141919,116866,0,2,0,6,3,32183,15.2,5.22,2,3
HH012,Jun-2022,136820,112531,0,0,0,6,3,31480,12.2,5.28,2,3
HH012,Jul-2022,132928,101207,0,1,0,6,3,29614,16.4,5.48,2,3
HH012,Aug-2022,139257,148390,1,3,0,6,3,32487,11.6,5.36,2,3
HH012,Sep-2022,143109,119781,0,2,0,6,3,31622,11.1,5.24,2,3
HH012,Oct-2022,143734,144183,1,3,0,6,3,30152,11.0,5.51,2,3
HH012,Nov-2022,150974,149338,1,2,0,6,3,34573,12.1,5.48,2,3
HH012,Dec-2022,135775,133192,1,5,0,6,3,28545,16.5,5.39,2,3
HH012,Jan-2023,157821,162621,1,2,0,6,3,36564,12.1,5.44,2,3
HH012,Feb-2023,143577,115776,0,0,0,6,3,34368,15.2,5.29,2,3
HH012,Mar-2023,139161,114863,0,2,0,6,3,31703,14.2,5.18,2,3
HH012,Apr-2023,144396,110389,0,2,0,6,3,30948,12.8,5.68,2,3
HH012,May-2023,142342,122588,0,5,0,6,3,34056,14.8,5.51,2,3
HH012,Jun-2023,144319,170210,0,4,1,6,3,35180,12.9,5.29,2,3
HH012,Jul-2023,147780,128415,0,1,0,6,3,33660,16.1,5.39,2,3
HH012,Aug-2023,145768,153325,1,4,0,6,3,31645,9.6,5.41,2,3
HH012,Sep-2023,147768,118626,0,3,0,6,3,33324,17.3,5.64,2,3
HH012,Oct-2023,154458,143561,1,1,0,6,3,34751,14.1,5.68,2,3
HH012,Nov-2023,143982,137127,1,5,0,6,3,31610,11.4,5.66,2,3
HH012,Dec-2023,153416,146218,1,3,0,6,3,34479,15.4,5.68,2,3
HH012,Jan-2024,155798,158940,1,6,0,6,3,34254,16.8,5.93,2,3
HH012,Feb-2024,149536,138145,0,3,0,6,3,34199,8.9,5.72,2,3
HH012,Mar-2024,159061,138375,0,1,0,6,3,37691,14.0,5.64,2,3
HH012,Apr-2024,157134,131237,0,0,0,6,3,34666,13.4,5.89,2,3
HH012,May-2024,162158,149950,0,2,0,6,3,36442,12.4,5.81,2,3
HH012,Jun-2024,158652,122580,0,4,0,6,3,34194,10.3,5.69,2,3
HH012,Jul-2024,156217,141981,0,4,0,6,3,36704,15.3,5.89,2,3
HH012,Aug-2024,157209,149586,1,3,0,6,3,34137,8.5,5.83,2,3
HH012,Sep-2024,150791,126924,0,1,0,6,3,33580,15.1,6.17,2,3
HH012,Oct-2024,168623,175792,1,4,0,6,3,37527,9.7,5.87,2,3
HH012,Nov-2024,166092,177440,1,2,0,6,3,39646,14.7,5.79,2,3
HH012,Dec-2024,157343,157330,1,2,0,6,3,35414,14.2,6.09,2,3
HH012,Jan-2025,151000,155393,1,1,0,6,3,36604,12.3,5.97,2,3
HH012,Feb-2025,174612,153309,0,2,0,6,3,39912,11.8,5.79,2,3
HH012,Mar-2025,152347,139079,0,0,0,6,3,36316,12.2,6.16,2,3
HH012,Apr-2025,159216,150049,0,3,0,6,3,36451,12.0,6.08,2,3
HH012,May-2025,163504,144245,0,2,0,6,3,37993,14.5,6.01,2,3
HH012,Jun-2025,154868,139459,0,4,0,6,3,35126,10.8,6.23,2,3
HH012,Jul-2025,156267,148925,0,4,0,6,3,35195,12.0,6.33,2,3
HH012,Aug-2025,167988,168536,1,4,0,6,3,38444,8.7,5.94,2,3
HH012,Sep-2025,160575,157589,0,1,1,6,3,35921,12.9,6.22,2,3
HH012,Oct-2025,170043,161157,1,2,0,6,3,39214,14.3,6.11,2,3
HH012,Nov-2025,165193,179048,1,4,0,6,3,38971,13.6,6.18,2,3
HH012,Dec-2025,160465,153842,1,4,0,6,3,35668,15.0,6.33,2,3
HH013,Jan-2021,163654,187014,1,6,0,6,4,35681,4.9,4.7,1,3
HH013,Feb-2021,172256,151875,0,2,0,6,4,37227,9.8,4.82,1,3
HH013,Mar-2021,179181,139804,0,0,0,6,4,37319,3.0,4.85,1,3
HH013,Apr-2021,183187,144116,0,0,0,6,4,39804,4.7,5.01,1,3
HH013,May-2021,179281,174938,0,1,0,6,4,40909,8.6,4.96,1,3
HH013,Jun-2021,177627,152372,0,0,0,6,4,39802,6.1,4.89,1,3
HH013,Jul-2021,181135,153949,0,0,0,6,4,39285,12.7,5.05,1,3
HH013,Aug-2021,165756,182564,1,4,0,6,4,35304,7.4,4.91,1,3
HH013,Sep-2021,179551,153976,0,2,0,6,4,38418,8.9,5.07,1,3
HH013,Oct-2021,189843,182451,1,3,0,6,4,40292,7.1,5.01,1,3
HH013,Nov-2021,179616,179101,1,2,0,6,4,38797,9.8,4.98,1,3
HH013,Dec-2021,187838,187470,1,4,0,6,4,39580,8.4,4.88,1,3
HH013,Jan-2022,187581,196514,1,5,0,6,4,41429,8.4,5.1,1,3
HH013,Feb-2022,177125,171905,0,3,0,6,4,40176,4.4,5.11,1,3
HH013,Mar-2022,175301,148483,0,2,0,6,4,38414,7.2,5.31,1,3
HH013,Apr-2022,181047,152613,0,3,0,6,4,39056,5.4,5.06,1,3
HH013,May-2022,183823,160252,0,0,0,6,4,41104,8.3,5.22,1,3
HH013,Jun-2022,190794,155205,0,1,0,6,4,40628,9.8,5.22,1,3
HH013,Jul-2022,181994,147910,0,1,0,6,4,38601,9.9,5.2,1,3
HH013,Aug-2022,182927,185370,1,3,0,6,4,42209,8.4,5.55,1,3
HH013,Sep-2022,189380,169841,0,4,0,6,4,42180,3.6,5.12,1,3
HH013,Oct-2022,183666,202005,1,4,1,6,4,39647,6.8,5.05,1,3
HH013,Nov-2022,183909,164088,1,4,0,6,4,39995,6.8,5.3,1,3
HH013,Dec-2022,180195,178586,1,4,0,6,4,38780,7.8,5.28,1,3
HH013,Jan-2023,190061,191895,1,4,0,6,4,42439,5.1,5.25,1,3
HH013,Feb-2023,192713,146584,0,2,0,6,4,41671,8.0,5.25,1,3
HH013,Mar-2023,199708,152735,0,1,0,6,4,43348,6.6,5.53,1,3
HH013,Apr-2023,200987,166244,0,1,0,6,4,42782,8.1,5.29,1,3
HH013,May-2023,191862,157739,0,1,0,6,4,40942,4.4,5.26,1,3
HH013,Jun-2023,193294,161497,0,2,0,6,4,40174,12.4,5.46,1,3
HH013,Jul-2023,187394,170028,0,1,0,6,4,41283,8.1,5.45,1,3
HH013,Aug-2023,192752,170244,1,2,0,6,4,42228,8.2,5.47,1,3
HH013,Sep-2023,190583,163740,0,1,0,6,4,42311,7.4,5.44,1,3
HH013,Oct-2023,198168,186510,1,4,0,6,4,41916,8.0,5.81,1,3
HH013,Nov-2023,188473,190938,1,2,0,6,4,41728,5.3,5.43,1,3
HH013,Dec-2023,195820,209324,1,2,1,6,4,41969,5.9,5.69,1,3
HH013,Jan-2024,194761,180661,1,3,0,6,4,42234,6.6,5.58,1,3
HH013,Feb-2024,186688,156581,0,0,0,6,4,40141,9.0,5.48,1,3
HH013,Mar-2024,186246,204262,0,2,1,6,4,41593,2.0,5.84,1,3
HH013,Apr-2024,196572,158633,0,1,0,6,4,41221,7.2,5.67,1,3
HH013,May-2024,199260,174809,0,6,0,6,4,44281,3.4,5.89,1,3
HH013,Jun-2024,204942,179321,0,3,0,6,4,44183,6.8,5.8,1,3
HH013,Jul-2024,193728,163960,0,1,0,6,4,43838,6.8,5.69,1,3
HH013,Aug-2024,201614,179163,1,4,0,6,4,45017,8.4,5.69,1,3
HH013,Sep-2024,202111,175378,0,1,0,6,4,45032,11.0,5.94,1,3
HH013,Oct-2024,205770,193228,1,2,0,6,4,46851,8.4,5.98,1,3
HH013,Nov-2024,194856,197674,1,3,0,6,4,43033,2.5,5.73,1,3
HH013,Dec-2024,194070,179725,1,2,0,6,4,42085,4.2,5.87,1,3
HH013,Jan-2025,205145,200592,1,2,0,6,4,45326,5.9,5.93,1,3
HH013,Feb-2025,207143,162879,0,0,0,6,4,45214,6.2,6.06,1,3
HH013,Mar-2025,199670,175536,0,1,0,6,4,44833,8.3,5.8,1,3
HH013,Apr-2025,197149,169088,0,2,0,6,4,45194,8.0,6.21,1,3
HH013,May-2025,199858,174670,0,4,0,6,4,44045,10.3,6.02,1,3
HH013,Jun-2025,204835,171508,0,2,0,6,4,44593,10.4,5.73,1,3
HH013,Jul-2025,200598,168462,0,2,0,6,4,43504,8.7,5.89,1,3
HH013,Aug-2025,203833,194854,1,1,0,6,4,45262,8.9,6.25,1,3
HH013,Sep-2025,194308,172339,0,1,0,6,4,41208,7.0,6.11,1,3
HH013,Oct-2025,210687,228113,1,3,1,6,4,47330,8.4,5.99,1,3
HH013,Nov-2025,205708,201477,1,2,0,6,4,45830,9.2,6.22,1,3
HH013,Dec-2025,213228,199142,1,3,0,6,4,47280,8.2,6.05,1,3
HH014,Jan-2021,231140,220619,1,2,0,7,4,53097,12.6,4.84,2,3
HH014,Feb-2021,230620,193418,0,6,0,7,4,57088,11.1,5.04,2,3
HH014,Mar-2021,218753,178028,0,1,0,7,4,50956,6.8,4.88,2,3
HH014,Apr-2021,219328,180776,0,1,0,7,4,53855,9.7,4.97,2,3
HH014,May-2021,208230,194495,0,3,0,7,4,52019,13.8,4.98,2,3
HH014,Jun-2021,230228,187272,0,1,0,7,4,56924,8.6,4.94,2,3
HH014,Jul-2021,236973,182893,0,3,0,7,4,56840,14.2,4.81,2,3
HH014,Aug-2021,217617,198276,1,1,0,7,4,52871,13.6,4.96,2,3
HH014,Sep-2021,213330,176904,0,1,0,7,4,51416,14.1,4.91,2,3
HH014,Oct-2021,215625,200722,1,4,0,7,4,52951,11.5,5.01,2,3
HH014,Nov-2021,215324,217834,1,3,0,7,4,54150,12.5,5.07,2,3
HH014,Dec-2021,206592,197373,1,3,0,7,4,50756,12.9,5.02,2,3
HH014,Jan-2022,224384,202622,1,2,0,7,4,55217,9.8,4.87,2,3
HH014,Feb-2022,236394,197707,0,5,0,7,4,58228,11.2,4.75,2,3
HH014,Mar-2022,234727,184018,0,2,0,7,4,57818,15.2,5.36,2,3
HH014,Apr-2022,221666,185235,0,4,0,7,4,53411,11.7,5.11,2,3
HH014,May-2022,220789,193572,0,2,0,7,4,52576,12.5,5.37,2,3
HH014,Jun-2022,243054,196123,0,1,0,7,4,58665,12.4,5.02,2,3
HH014,Jul-2022,218458,171807,0,1,0,7,4,52756,11.4,5.3,2,3
HH014,Aug-2022,233247,221621,1,2,0,7,4,56353,11.4,5.21,2,3
HH014,Sep-2022,229706,190802,0,2,0,7,4,55876,11.1,5.14,2,3
HH014,Oct-2022,226612,208736,1,1,0,7,4,55062,7.8,5.28,2,3
HH014,Nov-2022,237111,200132,1,1,0,7,4,60227,12.6,5.38,2,3
HH014,Dec-2022,239649,212710,1,3,0,7,4,58424,13.4,5.43,2,3
HH014,Jan-2023,233278,206292,1,1,0,7,4,57391,9.6,5.53,2,3
HH014,Feb-2023,233312,184025,0,1,0,7,4,58187,10.0,5.23,2,3
HH014,Mar-2023,225271,207519,0,3,0,7,4,53783,13.9,5.46,2,3
HH014,Apr-2023,230705,188443,0,0,0,7,4,57377,13.6,5.59,2,3
HH014,May-2023,227104,180721,0,1,0,7,4,55997,10.2,5.44,2,3
HH014,Jun-2023,243254,209597,0,0,1,7,4,57898,9.8,5.21,2,3
HH014,Jul-2023,227650,186362,0,0,0,7,4,57523,13.7,5.81,2,3
HH014,Aug-2023,217166,208804,1,1,0,7,4,51128,10.0,5.47,2,3
HH014,Sep-2023,241871,190130,0,1,0,7,4,58388,8.7,5.67,2,3
HH014,Oct-2023,234597,210431,1,4,0,7,4,55910,16.1,5.42,2,3
HH014,Nov-2023,244820,214344,1,2,0,7,4,58718,10.8,5.47,2,3
HH014,Dec-2023,241464,220757,1,2,0,7,4,61173,13.8,5.69,2,3
HH014,Jan-2024,254109,219163,1,3,0,7,4,62100,13.4,5.54,2,3
HH014,Feb-2024,243088,184915,0,1,0,7,4,60593,10.9,5.73,2,3
HH014,Mar-2024,234175,189020,0,0,0,7,4,57536,12.2,5.7,2,3
HH014,Apr-2024,237766,194725,0,3,0,7,4,55700,11.7,5.71,2,3
HH014,May-2024,241549,200763,0,2,0,7,4,58106,11.5,5.5,2,3
HH014,Jun-2024,240756,194283,0,4,0,7,4,57812,11.7,6.2,2,3
HH014,Jul-2024,233182,203729,0,2,0,7,4,56439,10.4,5.97,2,3
HH014,Aug-2024,239634,221868,1,4,0,7,4,58345,9.1,5.99,2,3
HH014,Sep-2024,249077,199494,0,0,0,7,4,60660,8.4,5.83,2,3
HH014,Oct-2024,249913,214180,1,3,0,7,4,60797,14.0,5.74,2,3
HH014,Nov-2024,235839,218935,1,2,0,7,4,56666,12.4,5.83,2,3
HH014,Dec-2024,238358,206728,1,2,0,7,4,58938,15.1,5.99,2,3
HH014,Jan-2025,253104,219324,1,2,0,7,4,61216,10.7,5.94,2,3
HH014,Feb-2025,249848,217607,0,1,1,7,4,61244,13.9,5.63,2,3
HH014,Mar-2025,251118,197836,0,0,0,7,4,61990,10.5,5.92,2,3
HH014,Apr-2025,252918,192142,0,0,0,7,4,60977,10.4,6.1,2,3
HH014,May-2025,260734,202140,0,1,0,7,4,62431,11.1,6.2,2,3
HH014,Jun-2025,250948,201226,0,3,0,7,4,58849,15.8,6.13,2,3
HH014,Jul-2025,255153,194723,0,0,0,7,4,64416,11.5,6.32,2,3
HH014,Aug-2025,247461,221430,1,1,0,7,4,58575,11.7,5.97,2,3
HH014,Sep-2025,245318,198024,0,2,0,7,4,59680,7.0,6.02,2,3
HH014,Oct-2025,257222,228422,1,5,0,7,4,63360,11.0,6.16,2,3
HH014,Nov-2025,250339,212580,1,1,0,7,4,59882,13.5,6.26,2,3
HH014,Dec-2025,250508,218305,1,1,0,7,4,62053,14.5,6.24,2,3
HH015,Jan-2021,281901,216839,1,3,0,8,5,64031,6.5,4.43,1,3
HH015,Feb-2021,271821,196706,0,2,0,8,5,62760,5.9,4.82,1,3
HH015,Mar-2021,275425,194134,0,2,0,8,5,61328,15.9,4.8,1,3
HH015,Apr-2021,284543,202175,0,3,0,8,5,64004,9.8,4.84,1,3
HH015,May-2021,284884,213996,0,1,1,8,5,63637,11.6,4.9,1,3
HH015,Jun-2021,274080,185750,0,3,0,8,5,59903,3.3,4.94,1,3
HH015,Jul-2021,315400,221226,0,2,0,8,5,71469,6.2,5.25,1,3
HH015,Aug-2021,299140,243394,1,3,1,8,5,66772,3.4,4.96,1,3
HH015,Sep-2021,257788,199709,0,1,0,8,5,56831,5.7,4.8,1,3
HH015,Oct-2021,262809,226778,1,2,0,8,5,58009,4.6,4.82,1,3
HH015,Nov-2021,306888,242342,1,4,0,8,5,67804,7.6,4.87,1,3
HH015,Dec-2021,268907,221923,1,2,0,8,5,60647,6.4,5.17,1,3
HH015,Jan-2022,281636,228045,1,1,0,8,5,62076,6.8,5.19,1,3
HH015,Feb-2022,294053,219679,0,2,0,8,5,65963,8.2,5.02,1,3
HH015,Mar-2022,285406,213179,0,3,0,8,5,64210,4.6,5.34,1,3
HH015,Apr-2022,288696,193226,0,0,0,8,5,63258,8.5,5.26,1,3
HH015,May-2022,283064,209460,0,1,0,8,5,63410,4.4,5.27,1,3
HH015,Jun-2022,276003,191319,0,3,0,8,5,59903,4.0,4.84,1,3
HH015,Jul-2022,291009,212685,0,2,0,8,5,66073,7.0,5.2,1,3
HH015,Aug-2022,302073,223279,1,4,0,8,5,65836,5.1,5.38,1,3
HH015,Sep-2022,290806,205056,0,1,0,8,5,63624,8.1,5.37,1,3
HH015,Oct-2022,285396,228759,1,4,0,8,5,63338,9.7,5.1,1,3
HH015,Nov-2022,288315,225656,1,3,0,8,5,63414,8.3,5.37,1,3
HH015,Dec-2022,308338,247716,1,2,0,8,5,69443,6.2,5.08,1,3
HH015,Jan-2023,300423,225706,1,1,0,8,5,65286,5.1,5.34,1,3
HH015,Feb-2023,304019,213824,0,0,0,8,5,67243,6.6,5.39,1,3
HH015,Mar-2023,294151,214889,0,1,0,8,5,65547,9.8,5.57,1,3
HH015,Apr-2023,296377,190811,0,0,0,8,5,64879,8.2,5.37,1,3
HH015,May-2023,291977,213875,0,2,0,8,5,65713,11.1,5.21,1,3
HH015,Jun-2023,317082,217409,0,2,0,8,5,70392,9.3,5.47,1,3
HH015,Jul-2023,295401,212572,0,2,0,8,5,67841,10.1,5.46,1,3
HH015,Aug-2023,305564,226543,1,2,0,8,5,66719,5.0,5.65,1,3
HH015,Sep-2023,303038,209397,0,1,0,8,5,67503,7.4,5.57,1,3
HH015,Oct-2023,308170,226919,1,3,0,8,5,67043,4.2,5.36,1,3
HH015,Nov-2023,278863,217013,1,2,0,8,5,61040,9.1,5.65,1,3
HH015,Dec-2023,284645,232043,1,1,0,8,5,63914,7.3,5.57,1,3
HH015,Jan-2024,315035,275207,1,3,1,8,5,70255,7.9,5.71,1,3
HH015,Feb-2024,305318,214530,0,2,0,8,5,67274,7.3,5.89,1,3
HH015,Mar-2024,300921,219481,0,3,0,8,5,67164,10.2,5.85,1,3
HH015,Apr-2024,305481,204737,0,1,0,8,5,68541,6.0,5.68,1,3
HH015,May-2024,283063,213587,0,2,0,8,5,62318,6.6,5.91,1,3
HH015,Jun-2024,314906,207631,0,1,0,8,5,71800,7.6,5.71,1,3
HH015,Jul-2024,291607,211495,0,2,0,8,5,64872,5.0,5.79,1,3
HH015,Aug-2024,300790,235439,1,7,0,8,5,64626,7.0,5.4,1,3
HH015,Sep-2024,306313,204059,0,0,0,8,5,66666,7.9,5.75,1,3
HH015,Oct-2024,288421,222276,1,3,0,8,5,63520,8.1,5.95,1,3
HH015,Nov-2024,304740,221341,1,1,0,8,5,65638,13.2,5.76,1,3
HH015,Dec-2024,306970,240868,1,1,0,8,5,67974,6.7,5.86,1,3
HH015,Jan-2025,284128,231592,1,3,0,8,5,65092,13.1,5.85,1,3
HH015,Feb-2025,316770,223419,0,1,0,8,5,70176,9.0,5.93,1,3
HH015,Mar-2025,319010,193435,0,2,0,8,5,68868,8.1,6.14,1,3
HH015,Apr-2025,294832,212091,0,1,0,8,5,67714,4.6,5.88,1,3
HH015,May-2025,317514,210877,0,2,0,8,5,70774,10.1,6.13,1,3
HH015,Jun-2025,309402,212367,0,3,0,8,5,68631,11.9,6.07,1,3
HH015,Jul-2025,303578,197766,0,1,0,8,5,65593,7.0,6.16,1,3
HH015,Aug-2025,310095,229388,1,1,0,8,5,69643,10.2,6.25,1,3
HH015,Sep-2025,337797,226182,0,2,0,8,5,74639,8.5,6.17,1,3
HH015,Oct-2025,314406,240983,1,4,0,8,5,70973,9.3,6.43,1,3
HH015,Nov-2025,332065,232458,1,1,0,8,5,74161,3.7,5.91,1,3
HH015,Dec-2025,322179,244995,1,5,0,8,5,72650,9.9,5.9,1,3
